{"cameraMode":{"drawMode":0,"name":"Shaded","section":"Shading Mode"},"sceneLighting":true,"audioPlay":false,"sceneViewState":{"showFog":false,"showMaterialUpdate":false,"showSkybox":false,"showFlares":false,"showImageEffects":false,"showParticleSystems":false},"in2DMode":false,"pivot":{"x":-49.612281799316409,"y":-19.984140396118165,"z":24.50523567199707},"rotation":{"x":-0.307389497756958,"y":0.524253785610199,"z":-0.21062976121902467,"w":-0.7657802104949951},"size":83.10385131835938,"orthographic":false}