{"cameraMode":{"drawMode":0,"name":"Shaded","section":"Shading Mode"},"sceneLighting":false,"audioPlay":false,"sceneViewState":{"showFog":false,"showMaterialUpdate":false,"showSkybox":false,"showFlares":false,"showImageEffects":false,"showParticleSystems":false},"in2DMode":false,"pivot":{"x":-0.4234828054904938,"y":2.7703752517700197,"z":10.683838844299317},"rotation":{"x":-0.09987033158540726,"y":0.8869720697402954,"z":-0.2280900776386261,"w":-0.389093816280365},"size":1.080213189125061,"orthographic":false}