{"cameraMode":{"drawMode":0,"name":"Shaded","section":"Shading Mode"},"sceneLighting":true,"audioPlay":false,"sceneViewState":{"showFog":false,"showMaterialUpdate":false,"showSkybox":false,"showFlares":false,"showImageEffects":false,"showParticleSystems":false},"in2DMode":false,"pivot":{"x":-98.16580963134766,"y":-64.07196807861328,"z":75.77118682861328},"rotation":{"x":0.22545075416564942,"y":-0.5194887518882752,"z":0.14432017505168916,"w":0.811478853225708},"size":83.10385131835938,"orthographic":false}