{"cameraMode":{"drawMode":0,"name":"Shaded","section":"Shading Mode"},"sceneLighting":false,"audioPlay":false,"sceneViewState":{"showFog":false,"showMaterialUpdate":false,"showSkybox":false,"showFlares":false,"showImageEffects":false,"showParticleSystems":false},"in2DMode":false,"pivot":{"x":60.41943359375,"y":4.63856840133667,"z":1.673183560371399},"rotation":{"x":-0.11156263947486878,"y":-0.849546492099762,"z":0.19940386712551118,"w":-0.47555649280548098},"size":12.37482738494873,"orthographic":false}