{"cameraMode":{"drawMode":0,"name":"Shaded","section":"Shading Mode"},"sceneLighting":false,"audioPlay":false,"sceneViewState":{"showFog":false,"showMaterialUpdate":false,"showSkybox":false,"showFlares":false,"showImageEffects":false,"showParticleSystems":false},"in2DMode":false,"pivot":{"x":0.031204497441649438,"y":3.215348720550537,"z":17.267127990722658},"rotation":{"x":0.14541852474212647,"y":-0.8058980107307434,"z":0.22129252552986146,"w":0.5295655131340027},"size":2.25,"orthographic":false}