{"cameraMode":{"drawMode":0,"name":"Shaded","section":"Shading Mode"},"sceneLighting":false,"audioPlay":false,"sceneViewState":{"showFog":false,"showMaterialUpdate":false,"showSkybox":false,"showFlares":false,"showImageEffects":false,"showParticleSystems":false},"in2DMode":false,"pivot":{"x":1.8759222030639649,"y":-0.10999298095703125,"z":12.377772331237793},"rotation":{"x":-0.2221749722957611,"y":-0.22714067995548249,"z":0.0533318817615509,"w":-0.9467064738273621},"size":12.37483024597168,"orthographic":false}