{"cameraMode":{"drawMode":0,"name":"Shaded","section":"Shading Mode"},"sceneLighting":false,"audioPlay":false,"sceneViewState":{"showFog":false,"showMaterialUpdate":false,"showSkybox":false,"showFlares":false,"showImageEffects":false,"showParticleSystems":false},"in2DMode":false,"pivot":{"x":-75.99999237060547,"y":19.989452362060548,"z":88.99999237060547},"rotation":{"x":-0.27207449078559878,"y":0.18506285548210145,"z":-0.053462304174900058,"w":-0.9428295493125916},"size":73.34785461425781,"orthographic":false}