{"cameraMode":{"drawMode":0,"name":"Shaded","section":"Shading Mode"},"sceneLighting":false,"audioPlay":false,"sceneViewState":{"showFog":false,"showMaterialUpdate":false,"showSkybox":false,"showFlares":false,"showImageEffects":false,"showParticleSystems":false},"in2DMode":false,"pivot":{"x":67.50765991210938,"y":9.123540878295899,"z":97.88509368896485},"rotation":{"x":-0.027366409078240396,"y":0.0045302207581698898,"z":0.00014576998364645988,"w":0.9996544718742371},"size":10.452272415161133,"orthographic":false}