{"cameraMode":{"drawMode":0,"name":"Shaded","section":"Shading Mode"},"sceneLighting":true,"audioPlay":false,"sceneViewState":{"showFog":true,"showMaterialUpdate":false,"showSkybox":true,"showFlares":true,"showImageEffects":true,"showParticleSystems":true},"in2DMode":false,"pivot":{"x":-5.5580010414123539,"y":20.35938835144043,"z":-64.65986633300781},"rotation":{"x":-0.04532712697982788,"y":0.4495890140533447,"z":-0.023042311891913415,"w":-0.891980767250061},"size":0.8660253882408142,"orthographic":false}