{"cameraMode":{"drawMode":0,"name":"Shaded","section":"Shading Mode"},"sceneLighting":true,"audioPlay":false,"sceneViewState":{"showFog":true,"showMaterialUpdate":false,"showSkybox":true,"showFlares":true,"showImageEffects":true,"showParticleSystems":true},"in2DMode":false,"pivot":{"x":-0.18303975462913514,"y":11.654783248901368,"z":-11.649016380310059},"rotation":{"x":-0.21287551522254945,"y":-0.012192307971417904,"z":0.0019514268497005106,"w":-0.977396547794342},"size":1.4348952770233155,"orthographic":false}