{"cameraMode":{"drawMode":0,"name":"Shaded","section":"Shading Mode"},"sceneLighting":true,"audioPlay":false,"sceneViewState":{"showFog":true,"showMaterialUpdate":false,"showSkybox":true,"showFlares":true,"showImageEffects":true,"showParticleSystems":true},"in2DMode":false,"pivot":{"x":-5.507615566253662,"y":54.519126892089847,"z":-30.9249210357666},"rotation":{"x":-0.36370596289634707,"y":-0.04919210821390152,"z":0.01910906657576561,"w":-0.9302288889884949},"size":1.969454288482666,"orthographic":false}