{"cameraMode":{"drawMode":0,"name":"Shaded","section":"Shading Mode"},"sceneLighting":false,"audioPlay":false,"sceneViewState":{"showFog":true,"showMaterialUpdate":false,"showSkybox":false,"showFlares":true,"showImageEffects":true,"showParticleSystems":true},"in2DMode":false,"pivot":{"x":-5.226431846618652,"y":56.318450927734378,"z":-31.559171676635743},"rotation":{"x":-0.44976863265037539,"y":-0.028742743656039239,"z":0.014048685319721699,"w":-0.893010675907135},"size":1.4348868131637574,"orthographic":false}