{"cameraMode":{"drawMode":0,"name":"Shaded","section":"Shading Mode"},"sceneLighting":false,"audioPlay":false,"sceneViewState":{"showFog":true,"showMaterialUpdate":false,"showSkybox":false,"showFlares":true,"showImageEffects":true,"showParticleSystems":true},"in2DMode":false,"pivot":{"x":3.37560772895813,"y":10.766607284545899,"z":-11.375822067260743},"rotation":{"x":-0.17453289031982423,"y":0.04225362464785576,"z":-0.008149536326527596,"w":-0.9841060042381287},"size":1.4348868131637574,"orthographic":false}