{"cameraMode":{"drawMode":0,"name":"Shaded","section":"Shading Mode"},"sceneLighting":true,"audioPlay":false,"sceneViewState":{"showFog":true,"showMaterialUpdate":false,"showSkybox":true,"showFlares":true,"showImageEffects":true,"showParticleSystems":true},"in2DMode":false,"pivot":{"x":-10.600064277648926,"y":33.015174865722659,"z":-16.38287925720215},"rotation":{"x":-0.3937542736530304,"y":-0.15605705976486207,"z":0.06722839176654816,"w":-0.9038893580436707},"size":5.6348958015441898,"orthographic":false}