{"cameraMode":{"drawMode":0,"name":"Shaded","section":"Shading Mode"},"sceneLighting":true,"audioPlay":false,"sceneViewState":{"showFog":true,"showMaterialUpdate":false,"showSkybox":true,"showFlares":true,"showImageEffects":true,"showParticleSystems":true},"in2DMode":false,"pivot":{"x":-1.106277346611023,"y":1.193954586982727,"z":0.5020955801010132},"rotation":{"x":-0.012256445363163948,"y":-0.6402385234832764,"z":0.009828669019043446,"w":-0.7683200836181641},"size":2.424999952316284,"orthographic":false}