{"cameraMode":{"drawMode":0,"name":"Shaded","section":"Shading Mode"},"sceneLighting":false,"audioPlay":false,"sceneViewState":{"showFog":true,"showMaterialUpdate":false,"showSkybox":false,"showFlares":true,"showImageEffects":true,"showParticleSystems":true},"in2DMode":false,"pivot":{"x":-2.518637180328369,"y":2.6934943199157717,"z":2.661396026611328},"rotation":{"x":-0.06077926233410835,"y":-0.9072717428207398,"z":0.13826632499694825,"w":-0.39347484707832339},"size":1.4348868131637574,"orthographic":false}