{"cameraMode":{"drawMode":0,"name":"Shaded","section":"Shading Mode"},"sceneLighting":false,"audioPlay":false,"sceneViewState":{"showFog":true,"showMaterialUpdate":false,"showSkybox":false,"showFlares":true,"showImageEffects":true,"showParticleSystems":true},"in2DMode":false,"pivot":{"x":0.000003814697265625,"y":0.5000019073486328,"z":0.0},"rotation":{"x":0.35250985622406008,"y":-0.013553026132285595,"z":0.003939553163945675,"w":0.9363037347793579},"size":28.2886962890625,"orthographic":false}