{"cameraMode":{"drawMode":0,"name":"Shaded","section":"Shading Mode"},"sceneLighting":true,"audioPlay":false,"sceneViewState":{"showFog":true,"showMaterialUpdate":false,"showSkybox":true,"showFlares":true,"showImageEffects":true,"showParticleSystems":true},"in2DMode":false,"pivot":{"x":0.3423335552215576,"y":0.7092480659484863,"z":0.6679711937904358},"rotation":{"x":0.008627736940979958,"y":-0.9220167398452759,"z":0.02053244784474373,"w":0.3866920471191406},"size":0.6073950529098511,"orthographic":false}