{"cameraMode":{"drawMode":0,"name":"Shaded","section":"Shading Mode"},"sceneLighting":false,"audioPlay":false,"sceneViewState":{"showFog":true,"showMaterialUpdate":false,"showSkybox":false,"showFlares":true,"showImageEffects":true,"showParticleSystems":true},"in2DMode":false,"pivot":{"x":0.7445388436317444,"y":-4.32439661026001,"z":4.700647354125977},"rotation":{"x":0.19077399373054505,"y":0.5430443286895752,"z":-0.1295497566461563,"w":0.8081163763999939},"size":14.696944236755371,"orthographic":false}