{"cameraMode":{"drawMode":0,"name":"Shaded","section":"Shading Mode"},"sceneLighting":true,"audioPlay":false,"sceneViewState":{"showFog":true,"showMaterialUpdate":false,"showSkybox":true,"showFlares":true,"showImageEffects":true,"showParticleSystems":true},"in2DMode":false,"pivot":{"x":-351.85009765625,"y":-172.08929443359376,"z":79.8784408569336},"rotation":{"x":-0.17297998070716859,"y":0.6150264143943787,"z":-0.14058923721313477,"w":-0.7564817667007446},"size":206.08253479003907,"orthographic":false}