{"cameraMode":{"drawMode":0,"name":"Shaded","section":"Shading Mode"},"sceneLighting":true,"audioPlay":false,"sceneViewState":{"showFog":true,"showMaterialUpdate":false,"showSkybox":true,"showFlares":true,"showImageEffects":true,"showParticleSystems":true},"in2DMode":false,"pivot":{"x":-0.8234705924987793,"y":2.419576644897461,"z":-0.4478544592857361},"rotation":{"x":0.06284698843955994,"y":0.7016878128051758,"z":0.062478333711624148,"w":-0.7070618867874146},"size":2.6926047801971437,"orthographic":false}