{"cameraMode":{"drawMode":0,"name":"Shaded","section":"Shading Mode"},"sceneLighting":true,"audioPlay":false,"sceneViewState":{"showFog":true,"showMaterialUpdate":false,"showSkybox":true,"showFlares":true,"showImageEffects":true,"showParticleSystems":true},"in2DMode":false,"pivot":{"x":6.5757365226745609,"y":3.7614200115203859,"z":-2.5058555603027345},"rotation":{"x":0.10839887708425522,"y":-0.5603486895561218,"z":0.07426901161670685,"w":0.8178595900535584},"size":0.6073950529098511,"orthographic":false}