{"cameraMode":{"drawMode":0,"name":"Shaded","section":"Shading Mode"},"sceneLighting":false,"audioPlay":false,"sceneViewState":{"showFog":true,"showMaterialUpdate":false,"showSkybox":false,"showFlares":true,"showImageEffects":true,"showParticleSystems":true},"in2DMode":false,"pivot":{"x":1.4072413444519044,"y":-3.810307502746582,"z":1.0992151498794556},"rotation":{"x":0.17366187274456025,"y":0.6033508777618408,"z":-0.13802528381347657,"w":0.7667413949966431},"size":14.50611400604248,"orthographic":false}