{"cameraMode":{"drawMode":0,"name":"Shaded","section":"Shading Mode"},"sceneLighting":false,"audioPlay":false,"sceneViewState":{"showFog":true,"showMaterialUpdate":false,"showSkybox":false,"showFlares":true,"showImageEffects":true,"showParticleSystems":true},"in2DMode":false,"pivot":{"x":10.9408597946167,"y":-1.8268765211105347,"z":1.6615486145019532},"rotation":{"x":0.11451952904462815,"y":0.6782971024513245,"z":-0.10955646634101868,"w":0.7182790040969849},"size":14.50611400604248,"orthographic":false}