{"cameraMode":{"drawMode":0,"name":"Shaded","section":"Shading Mode"},"sceneLighting":true,"audioPlay":false,"sceneViewState":{"showFog":true,"showMaterialUpdate":false,"showSkybox":true,"showFlares":true,"showImageEffects":true,"showParticleSystems":true},"in2DMode":false,"pivot":{"x":20.175294876098634,"y":16.609058380126954,"z":-10.61566162109375},"rotation":{"x":-0.18562917411327363,"y":0.3682370185852051,"z":-0.07546555995941162,"w":-0.9081189036369324},"size":1.969454288482666,"orthographic":false}