{"cameraMode":{"drawMode":0,"name":"Shaded","section":"Shading Mode"},"sceneLighting":false,"audioPlay":false,"sceneViewState":{"showFog":true,"showMaterialUpdate":false,"showSkybox":false,"showFlares":true,"showImageEffects":true,"showParticleSystems":true},"in2DMode":false,"pivot":{"x":-13.212085723876954,"y":-8.52487564086914,"z":1.1083948612213135},"rotation":{"x":0.35250985622406008,"y":-0.013553026132285595,"z":0.003939553163945675,"w":0.9363037347793579},"size":14.150971412658692,"orthographic":false}