{"cameraMode":{"drawMode":0,"name":"Shaded","section":"Shading Mode"},"sceneLighting":false,"audioPlay":false,"sceneViewState":{"showFog":true,"showMaterialUpdate":false,"showSkybox":false,"showFlares":true,"showImageEffects":true,"showParticleSystems":true},"in2DMode":false,"pivot":{"x":49.25,"y":2.43999981880188,"z":0.05000019073486328},"rotation":{"x":0.36866915225982668,"y":-0.5087682008743286,"z":0.2524966597557068,"w":0.7367274165153503},"size":12.27340030670166,"orthographic":false}