{"cameraMode":{"drawMode":0,"name":"Shaded","section":"Shading Mode"},"sceneLighting":false,"audioPlay":false,"sceneViewState":{"showFog":true,"showMaterialUpdate":false,"showSkybox":false,"showFlares":true,"showImageEffects":true,"showParticleSystems":true},"in2DMode":false,"pivot":{"x":-0.8862314224243164,"y":1.711961269378662,"z":-0.6411007642745972},"rotation":{"x":-0.38834184408187868,"y":0.02823161892592907,"z":-0.012594819068908692,"w":-0.9214274287223816},"size":1.4348868131637574,"orthographic":false}