{"cameraMode":{"drawMode":0,"name":"Shaded","section":"Shading Mode"},"sceneLighting":true,"audioPlay":false,"sceneViewState":{"showFog":true,"showMaterialUpdate":false,"showSkybox":true,"showFlares":true,"showImageEffects":true,"showParticleSystems":true},"in2DMode":false,"pivot":{"x":682.87451171875,"y":233.96385192871095,"z":-848.0449829101563},"rotation":{"x":-0.056063733994960788,"y":0.015576843172311783,"z":0.0008746032835915685,"w":0.9983068704605103},"size":2.796678304672241,"orthographic":false}