{"cameraMode":{"drawMode":0,"name":"Shaded","section":"Shading Mode"},"sceneLighting":true,"audioPlay":false,"sceneViewState":{"showFog":false,"showMaterialUpdate":false,"showSkybox":false,"showFlares":false,"showImageEffects":false,"showParticleSystems":false},"in2DMode":false,"pivot":{"x":-56.129180908203128,"y":58.26033020019531,"z":-95.3531494140625},"rotation":{"x":-0.17494581639766694,"y":-0.23511187732219697,"z":0.046199947595596316,"w":-0.9553288817405701},"size":8.296019554138184,"orthographic":false}