{"cameraMode":{"drawMode":0,"name":"Shaded","section":"Shading Mode"},"sceneLighting":false,"audioPlay":false,"sceneViewState":{"showFog":true,"showMaterialUpdate":false,"showSkybox":false,"showFlares":true,"showImageEffects":true,"showParticleSystems":true},"in2DMode":false,"pivot":{"x":0.02667856030166149,"y":2.3231773376464845,"z":11.52845287322998},"rotation":{"x":-0.004826375283300877,"y":-0.9443894624710083,"z":0.32855144143104555,"w":-0.013884334824979306},"size":1.8747881650924683,"orthographic":false}