{"cameraMode":{"drawMode":0,"name":"Shaded","section":"Shading Mode"},"sceneLighting":false,"audioPlay":false,"sceneViewState":{"showFog":true,"showMaterialUpdate":false,"showSkybox":false,"showFlares":true,"showImageEffects":true,"showParticleSystems":true},"in2DMode":false,"pivot":{"x":-4.308553695678711,"y":1.9879693984985352,"z":106.51335144042969},"rotation":{"x":0.09156999737024307,"y":-0.5042938590049744,"z":0.05299399048089981,"w":0.8573887348175049},"size":3.523735761642456,"orthographic":false}