{"cameraMode":{"drawMode":0,"name":"Shaded","section":"Shading Mode"},"sceneLighting":false,"audioPlay":false,"sceneViewState":{"showFog":true,"showMaterialUpdate":false,"showSkybox":false,"showFlares":true,"showImageEffects":true,"showParticleSystems":true},"in2DMode":false,"pivot":{"x":-4.129559516906738,"y":1.360227346420288,"z":52.907779693603519},"rotation":{"x":0.035536639392375949,"y":-0.9124694466590881,"z":0.08036787807941437,"w":0.4002631902694702},"size":0.9745162129402161,"orthographic":false}