{"cameraMode":{"drawMode":0,"name":"Shaded","section":"Shading Mode"},"sceneLighting":false,"audioPlay":false,"sceneViewState":{"showFog":true,"showMaterialUpdate":false,"showSkybox":false,"showFlares":true,"showImageEffects":true,"showParticleSystems":true},"in2DMode":false,"pivot":{"x":0.29369309544563296,"y":1.2081186771392823,"z":9.142170906066895},"rotation":{"x":-0.27800995111465456,"y":-0.706214964389801,"z":0.36337152123451235,"w":-0.5403357744216919},"size":1.8747881650924683,"orthographic":false}