{"cameraMode":{"drawMode":0,"name":"Shaded","section":"Shading Mode"},"sceneLighting":false,"audioPlay":false,"sceneViewState":{"showFog":true,"showMaterialUpdate":false,"showSkybox":false,"showFlares":true,"showImageEffects":true,"showParticleSystems":true},"in2DMode":false,"pivot":{"x":1.0603872537612916,"y":2.385117292404175,"z":10.260289192199707},"rotation":{"x":0.08173950016498566,"y":0.8700839877128601,"z":-0.15428712964057923,"w":0.46096107363700869},"size":1.8747881650924683,"orthographic":false}