{"cameraMode":{"drawMode":0,"name":"Shaded","section":"Shading Mode"},"sceneLighting":false,"audioPlay":false,"sceneViewState":{"showFog":true,"showMaterialUpdate":false,"showSkybox":false,"showFlares":true,"showImageEffects":true,"showParticleSystems":true},"in2DMode":false,"pivot":{"x":-3.3145854473114015,"y":1.360227346420288,"z":47.997779846191409},"rotation":{"x":0.035536639392375949,"y":-0.9124694466590881,"z":0.08036787807941437,"w":0.4002631902694702},"size":0.8345334529876709,"orthographic":false}