{"cameraMode":{"drawMode":0,"name":"Shaded","section":"Shading Mode"},"sceneLighting":true,"audioPlay":false,"sceneViewState":{"showFog":false,"showMaterialUpdate":false,"showSkybox":false,"showFlares":false,"showImageEffects":false,"showParticleSystems":false},"in2DMode":false,"pivot":{"x":-462.2264709472656,"y":-421.2502746582031,"z":85.85582733154297},"rotation":{"x":-0.26567620038986208,"y":0.6405264735221863,"z":-0.24913230538368226,"w":-0.6765372157096863},"size":338.8479919433594,"orthographic":false}