{"cameraMode":{"drawMode":0,"name":"Shaded","section":"Shading Mode"},"sceneLighting":true,"audioPlay":false,"sceneViewState":{"showFog":false,"showMaterialUpdate":false,"showSkybox":false,"showFlares":false,"showImageEffects":false,"showParticleSystems":false},"in2DMode":false,"pivot":{"x":114.8923568725586,"y":-428.8681335449219,"z":531.1563720703125},"rotation":{"x":-0.39337649941444399,"y":-0.08352482318878174,"z":0.03917912766337395,"w":-0.9151162505149841},"size":338.84808349609377,"orthographic":false}