{"cameraMode":{"drawMode":0,"name":"Shaded","section":"Shading Mode"},"sceneLighting":true,"audioPlay":false,"sceneViewState":{"showFog":false,"showMaterialUpdate":false,"showSkybox":false,"showFlares":false,"showImageEffects":false,"showParticleSystems":false},"in2DMode":false,"pivot":{"x":393.7070617675781,"y":-419.9779357910156,"z":-44.288604736328128},"rotation":{"x":0.2115614116191864,"y":0.7748562693595886,"z":-0.33653348684310915,"w":0.49215081334114077},"size":338.8479919433594,"orthographic":false}