{"cameraMode":{"drawMode":0,"name":"Shaded","section":"Shading Mode"},"sceneLighting":true,"audioPlay":false,"sceneViewState":{"showFog":true,"showMaterialUpdate":false,"showSkybox":true,"showFlares":true,"showImageEffects":true,"showParticleSystems":true},"in2DMode":false,"pivot":{"x":13.103962898254395,"y":25.181411743164064,"z":0.1871110200881958},"rotation":{"x":0.21399825811386109,"y":-0.1585199385881424,"z":0.034702472388744357,"w":0.9635702967643738},"size":0.37099602818489077,"orthographic":false}