{"cameraMode":{"drawMode":0,"name":"Shaded","section":"Shading Mode"},"sceneLighting":true,"audioPlay":false,"sceneViewState":{"showFog":true,"showMaterialUpdate":false,"showSkybox":true,"showFlares":true,"showImageEffects":true,"showParticleSystems":true},"in2DMode":false,"pivot":{"x":-9.878695487976075,"y":7.035606861114502,"z":14.929536819458008},"rotation":{"x":0.3115273714065552,"y":0.2934696674346924,"z":-0.10204598307609558,"w":0.8981858491897583},"size":0.8660253882408142,"orthographic":false}