{"cameraMode":{"drawMode":0,"name":"Shaded","section":"Shading Mode"},"sceneLighting":false,"audioPlay":false,"sceneViewState":{"showFog":false,"showMaterialUpdate":false,"showSkybox":false,"showFlares":false,"showImageEffects":false,"showParticleSystems":false},"in2DMode":false,"pivot":{"x":0.0,"y":0.4999998211860657,"z":0.0000019073486328125},"rotation":{"x":0.09399052709341049,"y":-0.9087773561477661,"z":0.3082229793071747,"w":0.26639631390571597},"size":14.150978088378907,"orthographic":false}