{"cameraMode":{"drawMode":0,"name":"Shaded","section":"Shading Mode"},"sceneLighting":false,"audioPlay":false,"sceneViewState":{"showFog":true,"showMaterialUpdate":false,"showSkybox":false,"showFlares":true,"showImageEffects":true,"showParticleSystems":true},"in2DMode":false,"pivot":{"x":5.199999809265137,"y":2.7504913806915285,"z":34.79999923706055},"rotation":{"x":0.035536639392375949,"y":-0.9124694466590881,"z":0.08036787807941437,"w":0.4002631902694702},"size":3.1772680282592775,"orthographic":false}