{"cameraMode":{"drawMode":0,"name":"Shaded","section":"Shading Mode"},"sceneLighting":true,"audioPlay":false,"sceneViewState":{"showFog":true,"showMaterialUpdate":false,"showSkybox":true,"showFlares":true,"showImageEffects":true,"showParticleSystems":true},"in2DMode":false,"pivot":{"x":102.08928680419922,"y":58.51093292236328,"z":101.14605712890625},"rotation":{"x":0.46634113788604739,"y":0.020657939836382867,"z":-0.01102574821561575,"w":0.8845812678337097},"size":0.37099602818489077,"orthographic":false}