{"cameraMode":{"drawMode":0,"name":"Shaded","section":"Shading Mode"},"sceneLighting":false,"audioPlay":false,"sceneViewState":{"showFog":true,"showMaterialUpdate":false,"showSkybox":false,"showFlares":true,"showImageEffects":true,"showParticleSystems":true},"in2DMode":false,"pivot":{"x":1.9950374364852906,"y":-0.26113036274909975,"z":110.24913024902344},"rotation":{"x":0.25361791253089907,"y":0.5935402512550354,"z":-0.2055792361497879,"w":0.7360347509384155},"size":3.523735761642456,"orthographic":false}