{"cameraMode":{"drawMode":0,"name":"Shaded","section":"Shading Mode"},"sceneLighting":false,"audioPlay":false,"sceneViewState":{"showFog":true,"showMaterialUpdate":false,"showSkybox":false,"showFlares":true,"showImageEffects":true,"showParticleSystems":true},"in2DMode":false,"pivot":{"x":4.250382423400879,"y":1.3197764158248902,"z":27.82160758972168},"rotation":{"x":0.03917982429265976,"y":-0.8609814643859863,"z":0.5032501816749573,"w":0.06669137626886368},"size":0.6316378712654114,"orthographic":false}