{"cameraMode":{"drawMode":0,"name":"Shaded","section":"Shading Mode"},"sceneLighting":false,"audioPlay":false,"sceneViewState":{"showFog":true,"showMaterialUpdate":false,"showSkybox":false,"showFlares":true,"showImageEffects":true,"showParticleSystems":true},"in2DMode":false,"pivot":{"x":-3.9269580841064455,"y":1.257127285003662,"z":44.0},"rotation":{"x":0.035536639392375949,"y":-0.9124694466590881,"z":0.08036787807941437,"w":0.4002631902694702},"size":3.010831356048584,"orthographic":false}