{"cameraMode":{"drawMode":0,"name":"Shaded","section":"Shading Mode"},"sceneLighting":false,"audioPlay":false,"sceneViewState":{"showFog":true,"showMaterialUpdate":false,"showSkybox":false,"showFlares":true,"showImageEffects":true,"showParticleSystems":true},"in2DMode":false,"pivot":{"x":49.25,"y":2.93999981880188,"z":0.05000019073486328},"rotation":{"x":0.3888372480869293,"y":0.382472962141037,"z":-0.18167516589164735,"w":0.8185659050941467},"size":12.37482738494873,"orthographic":false}