{"cameraMode":{"drawMode":0,"name":"Shaded","section":"Shading Mode"},"sceneLighting":false,"audioPlay":false,"sceneViewState":{"showFog":true,"showMaterialUpdate":false,"showSkybox":false,"showFlares":true,"showImageEffects":true,"showParticleSystems":true},"in2DMode":false,"pivot":{"x":4.676520824432373,"y":0.7935636043548584,"z":41.989158630371097},"rotation":{"x":0.035536639392375949,"y":-0.9124694466590881,"z":0.08036787807941437,"w":0.4002631902694702},"size":2.803947687149048,"orthographic":false}