{"cameraMode":{"drawMode":0,"name":"Shaded","section":"Shading Mode"},"sceneLighting":true,"audioPlay":false,"sceneViewState":{"showFog":true,"showMaterialUpdate":false,"showSkybox":true,"showFlares":true,"showImageEffects":true,"showParticleSystems":true},"in2DMode":false,"pivot":{"x":-0.1177554652094841,"y":2.1064469814300539,"z":11.577837944030762},"rotation":{"x":0.06055165454745293,"y":0.6155716776847839,"z":-0.04816361144185066,"w":0.7844684720039368},"size":1.872409462928772,"orthographic":false}