{"cameraMode":{"drawMode":0,"name":"Shaded","section":"Shading Mode"},"sceneLighting":true,"audioPlay":false,"sceneViewState":{"showFog":false,"showMaterialUpdate":false,"showSkybox":false,"showFlares":false,"showImageEffects":false,"showParticleSystems":false},"in2DMode":false,"pivot":{"x":54.22689437866211,"y":139.0227813720703,"z":89.1751937866211},"rotation":{"x":0.16657967865467072,"y":-0.8123435974121094,"z":0.2691716253757477,"w":0.4904803931713104},"size":48.88486862182617,"orthographic":false}