{"cameraMode":{"drawMode":0,"name":"Shaded","section":"Shading Mode"},"sceneLighting":true,"audioPlay":false,"sceneViewState":{"showFog":true,"showMaterialUpdate":true,"showSkybox":true,"showFlares":true,"showImageEffects":true,"showParticleSystems":true},"in2DMode":false,"pivot":{"x":-5.589975357055664,"y":3.618485450744629,"z":135.21934509277345},"rotation":{"x":-0.018727144226431848,"y":-0.013300889171659947,"z":-0.0029253154061734678,"w":-1.0004701614379883},"size":10.0,"orthographic":false}