{"cameraMode":{"drawMode":0,"name":"Shaded","section":"Shading Mode"},"sceneLighting":false,"audioPlay":false,"sceneViewState":{"showFog":false,"showMaterialUpdate":false,"showSkybox":false,"showFlares":false,"showImageEffects":false,"showParticleSystems":false},"in2DMode":false,"pivot":{"x":0.21076789498329163,"y":2.3757591247558595,"z":9.360108375549317},"rotation":{"x":0.21679718792438508,"y":0.4511353671550751,"z":-0.11405808478593826,"w":0.8583924770355225},"size":1.7753276824951172,"orthographic":false}