{"cameraMode":{"drawMode":0,"name":"Shaded","section":"Shading Mode"},"sceneLighting":true,"audioPlay":false,"sceneViewState":{"showFog":false,"showMaterialUpdate":false,"showSkybox":false,"showFlares":false,"showImageEffects":false,"showParticleSystems":false},"in2DMode":false,"pivot":{"x":46.04734420776367,"y":12.639595031738282,"z":77.63031768798828},"rotation":{"x":-0.08625036478042603,"y":-0.13786886632442475,"z":0.012529075145721436,"w":-0.986789882183075},"size":2.0615527629852297,"orthographic":false}