{"cameraMode":{"drawMode":0,"name":"Shaded","section":"Shading Mode"},"sceneLighting":false,"audioPlay":false,"sceneViewState":{"showFog":false,"showMaterialUpdate":false,"showSkybox":false,"showFlares":false,"showImageEffects":false,"showParticleSystems":false},"in2DMode":false,"pivot":{"x":-0.598756730556488,"y":3.0109312534332277,"z":8.943438529968262},"rotation":{"x":0.24509170651435853,"y":0.2793762683868408,"z":-0.07414550334215164,"w":0.9255849123001099},"size":1.7753276824951172,"orthographic":false}