{"cameraMode":{"drawMode":0,"name":"Shaded","section":"Shading Mode"},"sceneLighting":false,"audioPlay":false,"sceneViewState":{"showFog":false,"showMaterialUpdate":false,"showSkybox":false,"showFlares":false,"showImageEffects":false,"showParticleSystems":false},"in2DMode":false,"pivot":{"x":475.0611267089844,"y":195.98094177246095,"z":654.7371826171875},"rotation":{"x":-0.07883091270923615,"y":0.00593052851036191,"z":-0.00032446571276523173,"w":-0.9970104694366455},"size":642.1314697265625,"orthographic":false}