{"cameraMode":{"drawMode":0,"name":"Shaded","section":"Shading Mode"},"sceneLighting":true,"audioPlay":false,"sceneViewState":{"showFog":true,"showMaterialUpdate":true,"showSkybox":true,"showFlares":true,"showImageEffects":true,"showParticleSystems":true},"in2DMode":false,"pivot":{"x":3.011418581008911,"y":-3.986255168914795,"z":13.362546920776368},"rotation":{"x":-0.23300230503082276,"y":-0.10566684603691101,"z":0.025536412373185159,"w":-0.9666244387626648},"size":11.411661148071289,"orthographic":false}