{"cameraMode":{"drawMode":0,"name":"Shaded","section":"Shading Mode"},"sceneLighting":false,"audioPlay":false,"sceneViewState":{"showFog":true,"showMaterialUpdate":true,"showSkybox":false,"showFlares":true,"showImageEffects":true,"showParticleSystems":true},"in2DMode":false,"pivot":{"x":543.5,"y":319.339599609375,"z":19.749996185302736},"rotation":{"x":-0.007928195409476757,"y":0.009589973837137223,"z":0.0004616158548742533,"w":1.0001945495605469},"size":829.5992431640625,"orthographic":false}