{"cameraMode":{"drawMode":0,"name":"Shaded","section":"Shading Mode"},"sceneLighting":true,"audioPlay":false,"sceneViewState":{"showFog":true,"showMaterialUpdate":true,"showSkybox":true,"showFlares":true,"showImageEffects":true,"showParticleSystems":true},"in2DMode":false,"pivot":{"x":13.542901992797852,"y":26.751047134399415,"z":12.331884384155274},"rotation":{"x":-0.33632129430770876,"y":0.3716951012611389,"z":-0.1465349793434143,"w":-0.8530820608139038},"size":10.0,"orthographic":false}