{"cameraMode":{"drawMode":0,"name":"Shaded","section":"Shading Mode"},"sceneLighting":true,"audioPlay":false,"sceneViewState":{"showFog":false,"showMaterialUpdate":false,"showSkybox":false,"showFlares":false,"showImageEffects":false,"showParticleSystems":false},"in2DMode":false,"pivot":{"x":631.8516235351563,"y":439.9404602050781,"z":-605.24755859375},"rotation":{"x":-0.09473396092653275,"y":0.0061899698339402679,"z":-0.004099990241229534,"w":-0.9961909651756287},"size":47.63152313232422,"orthographic":false}