{"cameraMode":{"drawMode":0,"name":"Shaded","section":"Shading Mode"},"sceneLighting":false,"audioPlay":false,"sceneViewState":{"showFog":false,"showMaterialUpdate":false,"showSkybox":false,"showFlares":false,"showImageEffects":false,"showParticleSystems":false},"in2DMode":false,"pivot":{"x":0.0968516394495964,"y":2.218435525894165,"z":10.803759574890137},"rotation":{"x":0.1916966587305069,"y":0.019774507731199266,"z":-0.004044387489557266,"w":0.9814112186431885},"size":1.7753276824951172,"orthographic":false}