{"cameraMode":{"drawMode":0,"name":"Shaded","section":"Shading Mode"},"sceneLighting":false,"audioPlay":false,"sceneViewState":{"showFog":false,"showMaterialUpdate":false,"showSkybox":false,"showFlares":false,"showImageEffects":false,"showParticleSystems":false},"in2DMode":false,"pivot":{"x":-20.019996643066408,"y":20.469425201416017,"z":-29.959991455078126},"rotation":{"x":0.2504691481590271,"y":-0.5843461751937866,"z":0.1956709623336792,"w":0.7468609809875488},"size":339.3348388671875,"orthographic":false}