{"cameraMode":{"drawMode":0,"name":"Shaded","section":"Shading Mode"},"sceneLighting":false,"audioPlay":false,"sceneViewState":{"showFog":false,"showMaterialUpdate":false,"showSkybox":false,"showFlares":false,"showImageEffects":false,"showParticleSystems":false},"in2DMode":false,"pivot":{"x":-111.99180603027344,"y":-76.32979583740235,"z":-8.042394638061524},"rotation":{"x":-0.12456122785806656,"y":0.7848079800605774,"z":-0.16727325320243836,"w":-0.5837315917015076},"size":99.87626647949219,"orthographic":false}