{"cameraMode":{"drawMode":0,"name":"Shaded","section":"Shading Mode"},"sceneLighting":false,"audioPlay":false,"sceneViewState":{"showFog":true,"showMaterialUpdate":true,"showSkybox":false,"showFlares":true,"showImageEffects":true,"showParticleSystems":true},"in2DMode":false,"pivot":{"x":21.050491333007814,"y":-16.595306396484376,"z":18.20590591430664},"rotation":{"x":-0.24383507668972016,"y":-0.44485044479370119,"z":0.12720108032226563,"w":-0.8526119589805603},"size":18.55397605895996,"orthographic":false}