{"cameraMode":{"drawMode":0,"name":"Shaded","section":"Shading Mode"},"sceneLighting":true,"audioPlay":false,"sceneViewState":{"showFog":true,"showMaterialUpdate":true,"showSkybox":true,"showFlares":true,"showImageEffects":true,"showParticleSystems":true},"in2DMode":false,"pivot":{"x":-92.55821990966797,"y":-50.58240509033203,"z":192.5816192626953},"rotation":{"x":-0.13425718247890473,"y":0.20215477049350739,"z":-0.028126554563641549,"w":-0.9699649810791016},"size":106.79769897460938,"orthographic":false}