{"cameraMode":{"drawMode":0,"name":"Shaded","section":"Shading Mode"},"sceneLighting":false,"audioPlay":false,"sceneViewState":{"showFog":true,"showMaterialUpdate":true,"showSkybox":false,"showFlares":true,"showImageEffects":true,"showParticleSystems":true},"in2DMode":false,"pivot":{"x":1.4267969131469727,"y":7.054392337799072,"z":-17.796676635742189},"rotation":{"x":0.17488440871238709,"y":-0.15522709488868714,"z":0.0284271240234375,"w":0.9721481204032898},"size":10.0,"orthographic":false}