{"cameraMode":{"drawMode":0,"name":"Shaded","section":"Shading Mode"},"sceneLighting":false,"audioPlay":false,"sceneViewState":{"showFog":false,"showMaterialUpdate":false,"showSkybox":false,"showFlares":false,"showImageEffects":false,"showParticleSystems":false},"in2DMode":false,"pivot":{"x":2.6672134399414064,"y":2.509366512298584,"z":73.78999328613281},"rotation":{"x":-0.20633848011493684,"y":-0.4078346788883209,"z":0.0951097160577774,"w":-0.884430468082428},"size":5.961383819580078,"orthographic":false}