{"cameraMode":{"drawMode":0,"name":"Shaded","section":"Shading Mode"},"sceneLighting":true,"audioPlay":false,"sceneViewState":{"showFog":true,"showMaterialUpdate":true,"showSkybox":true,"showFlares":true,"showImageEffects":true,"showParticleSystems":true},"in2DMode":false,"pivot":{"x":-875.1825561523438,"y":433.2885437011719,"z":-157.4732208251953},"rotation":{"x":0.06581924855709076,"y":0.934489369392395,"z":-0.25812774896621706,"w":0.23726338148117066},"size":106.79769897460938,"orthographic":false}