{"cameraMode":{"drawMode":0,"name":"Shaded","section":"Shading Mode"},"sceneLighting":false,"audioPlay":false,"sceneViewState":{"showFog":false,"showMaterialUpdate":false,"showSkybox":false,"showFlares":false,"showImageEffects":false,"showParticleSystems":false},"in2DMode":false,"pivot":{"x":2.689552068710327,"y":5.357935428619385,"z":71.72509765625},"rotation":{"x":-0.10579078644514084,"y":-0.5166454911231995,"z":0.06445019692182541,"w":-0.8472899794578552},"size":5.961383819580078,"orthographic":false}