{"cameraMode":{"drawMode":0,"name":"Shaded","section":"Shading Mode"},"sceneLighting":false,"audioPlay":false,"sceneViewState":{"showFog":true,"showMaterialUpdate":true,"showSkybox":false,"showFlares":true,"showImageEffects":true,"showParticleSystems":true},"in2DMode":false,"pivot":{"x":313.69793701171877,"y":190.10000610351563,"z":19.749996185302736},"rotation":{"x":0.11477605998516083,"y":0.8855399489402771,"z":-0.3282603323459625,"w":0.3088967502117157},"size":829.5991821289063,"orthographic":false}