{"cameraMode":{"drawMode":0,"name":"Shaded","section":"Shading Mode"},"sceneLighting":false,"audioPlay":false,"sceneViewState":{"showFog":false,"showMaterialUpdate":false,"showSkybox":false,"showFlares":false,"showImageEffects":false,"showParticleSystems":false},"in2DMode":false,"pivot":{"x":0.30876150727272036,"y":0.8603872060775757,"z":0.46422868967056277},"rotation":{"x":-0.0005515895318239927,"y":0.9632299542427063,"z":-0.0001047586411004886,"w":-0.26934072375297549},"size":2.0615527629852297,"orthographic":false}