{"cameraMode":{"drawMode":0,"name":"Shaded","section":"Shading Mode"},"sceneLighting":false,"audioPlay":false,"sceneViewState":{"showFog":true,"showMaterialUpdate":true,"showSkybox":false,"showFlares":true,"showImageEffects":true,"showParticleSystems":true},"in2DMode":false,"pivot":{"x":1.0613759756088257,"y":0.38854438066482546,"z":-0.40267860889434817},"rotation":{"x":-0.14045652747154237,"y":0.6124482154846191,"z":-0.11164802312850952,"w":-0.7701573371887207},"size":2.0615527629852297,"orthographic":false}