{"cameraMode":{"drawMode":0,"name":"Shaded","section":"Shading Mode"},"sceneLighting":false,"audioPlay":false,"sceneViewState":{"showFog":false,"showMaterialUpdate":false,"showSkybox":false,"showFlares":false,"showImageEffects":false,"showParticleSystems":false},"in2DMode":false,"pivot":{"x":59.97190856933594,"y":3.6626148223876955,"z":89.99819946289063},"rotation":{"x":0.2504691481590271,"y":-0.5843461751937866,"z":0.1956709623336792,"w":0.7468609809875488},"size":10.54242992401123,"orthographic":false}