{"cameraMode":{"drawMode":0,"name":"Shaded","section":"Shading Mode"},"sceneLighting":false,"audioPlay":false,"sceneViewState":{"showFog":false,"showMaterialUpdate":false,"showSkybox":false,"showFlares":false,"showImageEffects":false,"showParticleSystems":false},"in2DMode":false,"pivot":{"x":507.1075439453125,"y":290.4476623535156,"z":108.05119323730469},"rotation":{"x":-0.15886452794075013,"y":-0.012426505796611309,"z":-0.0020410562865436079,"w":0.9872979521751404},"size":2.6310222148895265,"orthographic":false}