{"cameraMode":{"drawMode":0,"name":"Shaded","section":"Shading Mode"},"sceneLighting":true,"audioPlay":false,"sceneViewState":{"showFog":true,"showMaterialUpdate":true,"showSkybox":true,"showFlares":true,"showImageEffects":true,"showParticleSystems":true},"in2DMode":false,"pivot":{"x":680.0048217773438,"y":38.907615661621097,"z":-450.24090576171877},"rotation":{"x":-0.02025223895907402,"y":-0.8980372548103333,"z":0.03333190456032753,"w":-0.4398573637008667},"size":567.589599609375,"orthographic":false}