{"cameraMode":{"drawMode":0,"name":"Shaded","section":"Shading Mode"},"sceneLighting":false,"audioPlay":false,"sceneViewState":{"showFog":false,"showMaterialUpdate":false,"showSkybox":false,"showFlares":false,"showImageEffects":false,"showParticleSystems":false},"in2DMode":false,"pivot":{"x":-835.73876953125,"y":-274.5163269042969,"z":274.5589599609375},"rotation":{"x":0.19720864295959474,"y":-0.6544751524925232,"z":0.18341287970542909,"w":0.7069083452224731},"size":409.5306396484375,"orthographic":false}