{"cameraMode":{"drawMode":0,"name":"Shaded","section":"Shading Mode"},"sceneLighting":true,"audioPlay":false,"sceneViewState":{"showFog":true,"showMaterialUpdate":true,"showSkybox":true,"showFlares":true,"showImageEffects":true,"showParticleSystems":true},"in2DMode":false,"pivot":{"x":429.42791748046877,"y":215.51287841796876,"z":470.9239501953125},"rotation":{"x":0.05429888144135475,"y":-0.011386475525796414,"z":0.0044091674499213699,"w":0.9991798996925354},"size":567.589599609375,"orthographic":false}