{"cameraMode":{"drawMode":0,"name":"Shaded","section":"Shading Mode"},"sceneLighting":false,"audioPlay":false,"sceneViewState":{"showFog":false,"showMaterialUpdate":false,"showSkybox":false,"showFlares":false,"showImageEffects":false,"showParticleSystems":false},"in2DMode":false,"pivot":{"x":218.14793395996095,"y":298.001953125,"z":836.3089599609375},"rotation":{"x":-0.0039023514837026598,"y":-0.003062888514250517,"z":0.00015635474119335413,"w":-1.0001275539398194},"size":642.1314697265625,"orthographic":false}