{"cameraMode":{"drawMode":0,"name":"Shaded","section":"Shading Mode"},"sceneLighting":false,"audioPlay":false,"sceneViewState":{"showFog":false,"showMaterialUpdate":false,"showSkybox":false,"showFlares":false,"showImageEffects":false,"showParticleSystems":false},"in2DMode":false,"pivot":{"x":-122.66961669921875,"y":-84.07330322265625,"z":-19.641088485717775},"rotation":{"x":-0.12332477420568466,"y":0.7969950437545776,"z":-0.17361512780189515,"w":-0.5653600692749023},"size":107.09564208984375,"orthographic":false}