{"cameraMode":{"drawMode":0,"name":"Shaded","section":"Shading Mode"},"sceneLighting":false,"audioPlay":false,"sceneViewState":{"showFog":false,"showMaterialUpdate":false,"showSkybox":false,"showFlares":false,"showImageEffects":false,"showParticleSystems":false},"in2DMode":false,"pivot":{"x":-138.87681579589845,"y":-40.403438568115237,"z":-4.179460048675537},"rotation":{"x":-0.06706511229276657,"y":0.7796310186386108,"z":-0.08450236916542053,"w":-0.6170263886451721},"size":107.09564208984375,"orthographic":false}