{"cameraMode":{"drawMode":0,"name":"Shaded","section":"Shading Mode"},"sceneLighting":false,"audioPlay":false,"sceneViewState":{"showFog":false,"showMaterialUpdate":false,"showSkybox":false,"showFlares":false,"showImageEffects":false,"showParticleSystems":false},"in2DMode":false,"pivot":{"x":-3.4439055919647219,"y":5.764337539672852,"z":3.8715744018554689},"rotation":{"x":0.3103422224521637,"y":0.4343450665473938,"z":-0.16261926293373109,"w":0.8300077319145203},"size":1.7753276824951172,"orthographic":false}