{"cameraMode":{"drawMode":0,"name":"Shaded","section":"Shading Mode"},"sceneLighting":false,"audioPlay":false,"sceneViewState":{"showFog":false,"showMaterialUpdate":false,"showSkybox":false,"showFlares":false,"showImageEffects":false,"showParticleSystems":false},"in2DMode":false,"pivot":{"x":65.37407684326172,"y":-2.3249683380126955,"z":3.40755558013916},"rotation":{"x":-0.17429737746715547,"y":-0.464185893535614,"z":0.09395217895507813,"w":-0.8634670972824097},"size":17.780729293823243,"orthographic":false}