{"cameraMode":{"drawMode":0,"name":"Shaded","section":"Shading Mode"},"sceneLighting":true,"audioPlay":false,"sceneViewState":{"showFog":true,"showMaterialUpdate":true,"showSkybox":true,"showFlares":true,"showImageEffects":true,"showParticleSystems":true},"in2DMode":false,"pivot":{"x":489.2464294433594,"y":292.3067932128906,"z":656.5921630859375},"rotation":{"x":0.007912357337772847,"y":0.008550670929253102,"z":-0.001806486165151,"w":-1.0007312297821046},"size":583.96923828125,"orthographic":false}