{"cameraMode":{"drawMode":0,"name":"Shaded","section":"Shading Mode"},"sceneLighting":true,"audioPlay":false,"sceneViewState":{"showFog":true,"showMaterialUpdate":true,"showSkybox":true,"showFlares":true,"showImageEffects":true,"showParticleSystems":true},"in2DMode":false,"pivot":{"x":-184.3497314453125,"y":-87.79326629638672,"z":-14.119683265686036},"rotation":{"x":-0.14898915588855744,"y":0.7314342260360718,"z":-0.16949602961540223,"w":-0.6438910961151123},"size":106.79769897460938,"orthographic":false}