{"cameraMode":{"drawMode":0,"name":"Shaded","section":"Shading Mode"},"sceneLighting":false,"audioPlay":false,"sceneViewState":{"showFog":false,"showMaterialUpdate":false,"showSkybox":false,"showFlares":false,"showImageEffects":false,"showParticleSystems":false},"in2DMode":false,"pivot":{"x":46.337120056152347,"y":50.84174346923828,"z":18.172632217407228},"rotation":{"x":-0.33538153767585757,"y":0.38521087169647219,"z":-0.15376771986484528,"w":-0.8463621139526367},"size":93.44664001464844,"orthographic":false}