{"cameraMode":{"drawMode":0,"name":"Shaded","section":"Shading Mode"},"sceneLighting":false,"audioPlay":false,"sceneViewState":{"showFog":false,"showMaterialUpdate":false,"showSkybox":false,"showFlares":false,"showImageEffects":false,"showParticleSystems":false},"in2DMode":false,"pivot":{"x":-0.8796481490135193,"y":1.7414995431900025,"z":11.601521492004395},"rotation":{"x":0.10012015700340271,"y":-0.0012139806058257819,"z":-0.000047450415877392516,"w":0.9951457977294922},"size":1.7753276824951172,"orthographic":false}