{"cameraMode":{"drawMode":0,"name":"Shaded","section":"Shading Mode"},"sceneLighting":true,"audioPlay":false,"sceneViewState":{"showFog":true,"showMaterialUpdate":true,"showSkybox":true,"showFlares":true,"showImageEffects":true,"showParticleSystems":true},"in2DMode":false,"pivot":{"x":47.127601623535159,"y":-1.4874086380004883,"z":48.448638916015628},"rotation":{"x":-0.12947852909564973,"y":0.4480903744697571,"z":-0.06549698114395142,"w":-0.8824142217636108},"size":10.0,"orthographic":false}