{"cameraMode":{"drawMode":0,"name":"Shaded","section":"Shading Mode"},"sceneLighting":true,"audioPlay":false,"sceneViewState":{"showFog":false,"showMaterialUpdate":false,"showSkybox":false,"showFlares":false,"showImageEffects":false,"showParticleSystems":false},"in2DMode":false,"pivot":{"x":12.483325004577637,"y":22.890743255615236,"z":24.150117874145509},"rotation":{"x":-0.21898633241653443,"y":0.22145415842533112,"z":-0.05110490694642067,"w":-0.94889235496521},"size":10.0,"orthographic":false}