{"cameraMode":{"drawMode":0,"name":"Shaded","section":"Shading Mode"},"sceneLighting":true,"audioPlay":false,"sceneViewState":{"showFog":true,"showMaterialUpdate":true,"showSkybox":true,"showFlares":true,"showImageEffects":true,"showParticleSystems":true},"in2DMode":false,"pivot":{"x":479.146240234375,"y":166.93515014648438,"z":-354.6686706542969},"rotation":{"x":0.15329290926456452,"y":-0.004944303072988987,"z":-0.002976808464154601,"w":-0.9889237284660339},"size":103.58009338378906,"orthographic":false}