{"cameraMode":{"drawMode":0,"name":"Shaded","section":"Shading Mode"},"sceneLighting":false,"audioPlay":false,"sceneViewState":{"showFog":false,"showMaterialUpdate":false,"showSkybox":false,"showFlares":false,"showImageEffects":false,"showParticleSystems":false},"in2DMode":false,"pivot":{"x":-10.339444160461426,"y":49.96824264526367,"z":29.03996467590332},"rotation":{"x":-0.013360099866986275,"y":-0.24884198606014253,"z":-0.0003618804330471903,"w":-0.9689193964004517},"size":57.91600036621094,"orthographic":false}