{"cameraMode":{"drawMode":0,"name":"Shaded","section":"Shading Mode"},"sceneLighting":true,"audioPlay":false,"sceneViewState":{"showFog":true,"showMaterialUpdate":true,"showSkybox":true,"showFlares":true,"showImageEffects":true,"showParticleSystems":true},"in2DMode":false,"pivot":{"x":18.400941848754884,"y":14.255523681640625,"z":13.833439826965332},"rotation":{"x":-0.2022102028131485,"y":0.6163950562477112,"z":-0.1678505837917328,"w":-0.7425772547721863},"size":2.0615527629852297,"orthographic":false}