{"cameraMode":{"drawMode":0,"name":"Shaded","section":"Shading Mode"},"sceneLighting":true,"audioPlay":false,"sceneViewState":{"showFog":true,"showMaterialUpdate":true,"showSkybox":true,"showFlares":true,"showImageEffects":true,"showParticleSystems":true},"in2DMode":false,"pivot":{"x":798.973388671875,"y":399.39581298828127,"z":-150.46412658691407},"rotation":{"x":-0.022775093093514444,"y":-0.13550111651420594,"z":-0.002725941361859441,"w":0.9907863736152649},"size":10.0,"orthographic":false}