{"cameraMode":{"drawMode":0,"name":"Shaded","section":"Shading Mode"},"sceneLighting":true,"audioPlay":false,"sceneViewState":{"showFog":false,"showMaterialUpdate":false,"showSkybox":false,"showFlares":false,"showImageEffects":false,"showParticleSystems":false},"in2DMode":false,"pivot":{"x":13.511917114257813,"y":24.095474243164064,"z":25.200822830200197},"rotation":{"x":-0.1890684813261032,"y":0.18703633546829225,"z":-0.03670773282647133,"w":-0.9632905721664429},"size":10.0,"orthographic":false}