{"cameraMode":{"drawMode":0,"name":"Shaded","section":"Shading Mode"},"sceneLighting":true,"audioPlay":false,"sceneViewState":{"showFog":false,"showMaterialUpdate":false,"showSkybox":false,"showFlares":false,"showImageEffects":false,"showParticleSystems":false},"in2DMode":false,"pivot":{"x":-33.337215423583987,"y":55.38960266113281,"z":-187.89007568359376},"rotation":{"x":-0.5131085515022278,"y":0.030693525448441507,"z":-0.017832212150096895,"w":-0.857788622379303},"size":15.311322212219239,"orthographic":false}