{"cameraMode":{"drawMode":0,"name":"Shaded","section":"Shading Mode"},"sceneLighting":false,"audioPlay":false,"sceneViewState":{"showFog":false,"showMaterialUpdate":false,"showSkybox":false,"showFlares":false,"showImageEffects":false,"showParticleSystems":false},"in2DMode":false,"pivot":{"x":0.6369277834892273,"y":1.6005319356918336,"z":0.5951120853424072},"rotation":{"x":-0.18303686380386353,"y":0.7088943719863892,"z":-0.19836530089378358,"w":-0.6518977284431458},"size":1.0045925378799439,"orthographic":false}