{"cameraMode":{"drawMode":0,"name":"Shaded","section":"Shading Mode"},"sceneLighting":false,"audioPlay":false,"sceneViewState":{"showFog":false,"showMaterialUpdate":false,"showSkybox":false,"showFlares":false,"showImageEffects":false,"showParticleSystems":false},"in2DMode":false,"pivot":{"x":5.199999809265137,"y":2.7504913806915285,"z":34.79999923706055},"rotation":{"x":0.1695852130651474,"y":0.16047947108745576,"z":-0.02798418700695038,"w":0.9720385074615479},"size":3.1772680282592775,"orthographic":false}