{"cameraMode":{"drawMode":0,"name":"Shaded","section":"Shading Mode"},"sceneLighting":false,"audioPlay":false,"sceneViewState":{"showFog":false,"showMaterialUpdate":false,"showSkybox":false,"showFlares":false,"showImageEffects":false,"showParticleSystems":false},"in2DMode":false,"pivot":{"x":57.73625183105469,"y":3.9409728050231935,"z":70.13935852050781},"rotation":{"x":0.04029160737991333,"y":0.07583252340555191,"z":-0.0037927187513560058,"w":0.9964489936828613},"size":10.54242992401123,"orthographic":false}