{"cameraMode":{"drawMode":0,"name":"Shaded","section":"Shading Mode"},"sceneLighting":false,"audioPlay":false,"sceneViewState":{"showFog":false,"showMaterialUpdate":false,"showSkybox":false,"showFlares":false,"showImageEffects":false,"showParticleSystems":false},"in2DMode":false,"pivot":{"x":118.5340347290039,"y":1.5205883979797364,"z":133.1492919921875},"rotation":{"x":0.023139631375670434,"y":0.9760715365409851,"z":-0.17166493833065034,"w":0.13205508887767793},"size":5.438053607940674,"orthographic":false}