{"cameraMode":{"drawMode":0,"name":"Shaded","section":"Shading Mode"},"sceneLighting":false,"audioPlay":false,"sceneViewState":{"showFog":true,"showMaterialUpdate":true,"showSkybox":false,"showFlares":true,"showImageEffects":true,"showParticleSystems":true},"in2DMode":false,"pivot":{"x":3.401496648788452,"y":1.9380377531051636,"z":-0.36931219696998598},"rotation":{"x":-0.15910926461219788,"y":0.6337506175041199,"z":-0.13530170917510987,"w":-0.7450952529907227},"size":2.0615527629852297,"orthographic":false}