{"cameraMode":{"drawMode":0,"name":"Shaded","section":"Shading Mode"},"sceneLighting":true,"audioPlay":false,"sceneViewState":{"showFog":false,"showMaterialUpdate":false,"showSkybox":false,"showFlares":false,"showImageEffects":false,"showParticleSystems":false},"in2DMode":false,"pivot":{"x":-100.81710815429688,"y":52.54274368286133,"z":-198.1202392578125},"rotation":{"x":-0.5131085515022278,"y":0.030693525448441507,"z":-0.017832212150096895,"w":-0.857788622379303},"size":6.332971572875977,"orthographic":false}