{"cameraMode":{"drawMode":0,"name":"Shaded","section":"Shading Mode"},"sceneLighting":true,"audioPlay":false,"sceneViewState":{"showFog":false,"showMaterialUpdate":false,"showSkybox":false,"showFlares":false,"showImageEffects":false,"showParticleSystems":false},"in2DMode":false,"pivot":{"x":-4.576512813568115,"y":0.12338445335626602,"z":18.65511703491211},"rotation":{"x":-0.26865434646606448,"y":0.48624879121780398,"z":-0.1596597135066986,"w":-0.8161811232566834},"size":10.0,"orthographic":false}