{"cameraMode":{"drawMode":0,"name":"Shaded","section":"Shading Mode"},"sceneLighting":false,"audioPlay":false,"sceneViewState":{"showFog":false,"showMaterialUpdate":false,"showSkybox":false,"showFlares":false,"showImageEffects":false,"showParticleSystems":false},"in2DMode":false,"pivot":{"x":-0.3364236652851105,"y":3.6373047828674318,"z":8.7755765914917},"rotation":{"x":0.29255253076553347,"y":-0.024955447763204576,"z":0.007614725269377232,"w":0.9560878872871399},"size":1.7753276824951172,"orthographic":false}