{"cameraMode":{"drawMode":0,"name":"Shaded","section":"Shading Mode"},"sceneLighting":true,"audioPlay":false,"sceneViewState":{"showFog":true,"showMaterialUpdate":true,"showSkybox":true,"showFlares":true,"showImageEffects":true,"showParticleSystems":true},"in2DMode":false,"pivot":{"x":-106.50113677978516,"y":-55.46449279785156,"z":184.4748077392578},"rotation":{"x":-0.138718381524086,"y":0.2424946129322052,"z":-0.03519648313522339,"w":-0.9598056077957153},"size":106.79769897460938,"orthographic":false}