{"cameraMode":{"drawMode":0,"name":"Shaded","section":"Shading Mode"},"sceneLighting":true,"audioPlay":false,"sceneViewState":{"showFog":false,"showMaterialUpdate":false,"showSkybox":false,"showFlares":false,"showImageEffects":false,"showParticleSystems":false},"in2DMode":false,"pivot":{"x":-0.5398567318916321,"y":2.084634780883789,"z":12.164902687072754},"rotation":{"x":0.27259594202041628,"y":-0.6485514640808106,"z":0.26827195286750796,"w":0.6583214402198792},"size":10.0,"orthographic":false}