{"cameraMode":{"drawMode":0,"name":"Shaded","section":"Shading Mode"},"sceneLighting":false,"audioPlay":false,"sceneViewState":{"showFog":false,"showMaterialUpdate":false,"showSkybox":false,"showFlares":false,"showImageEffects":false,"showParticleSystems":false},"in2DMode":false,"pivot":{"x":1.2118713855743409,"y":-0.33211565017700198,"z":-0.004882335662841797},"rotation":{"x":-0.06850597262382508,"y":0.9229342937469482,"z":-0.3271578252315521,"w":-0.19189754128456117},"size":4.461552619934082,"orthographic":false}