{"cameraMode":{"drawMode":0,"name":"Shaded","section":"Shading Mode"},"sceneLighting":true,"audioPlay":false,"sceneViewState":{"showFog":false,"showMaterialUpdate":false,"showSkybox":false,"showFlares":false,"showImageEffects":false,"showParticleSystems":false},"in2DMode":false,"pivot":{"x":-141.3788604736328,"y":100.58562469482422,"z":3.5643115043640138},"rotation":{"x":-0.10164088010787964,"y":-0.35137462615966799,"z":0.035409193485975268,"w":-0.9307057857513428},"size":10.0,"orthographic":false}