{"cameraMode":{"drawMode":0,"name":"Shaded","section":"Shading Mode"},"sceneLighting":true,"audioPlay":false,"sceneViewState":{"showFog":true,"showMaterialUpdate":true,"showSkybox":true,"showFlares":true,"showImageEffects":true,"showParticleSystems":true},"in2DMode":false,"pivot":{"x":-1.5901890993118287,"y":8.320048332214356,"z":-9.580265045166016},"rotation":{"x":-0.27053090929985049,"y":-0.032616786658763888,"z":0.009238176047801972,"w":-0.9623589515686035},"size":11.411661148071289,"orthographic":false}