{"cameraMode":{"drawMode":0,"name":"Shaded","section":"Shading Mode"},"sceneLighting":false,"audioPlay":false,"sceneViewState":{"showFog":true,"showMaterialUpdate":true,"showSkybox":false,"showFlares":true,"showImageEffects":true,"showParticleSystems":true},"in2DMode":false,"pivot":{"x":-1.467072606086731,"y":1.602763295173645,"z":-1.1234893798828126},"rotation":{"x":-0.26991891860961916,"y":-0.5119297504425049,"z":0.17345167696475984,"w":-0.797155499458313},"size":1.2299293279647828,"orthographic":false}