{"cameraMode":{"drawMode":0,"name":"Shaded","section":"Shading Mode"},"sceneLighting":false,"audioPlay":false,"sceneViewState":{"showFog":false,"showMaterialUpdate":false,"showSkybox":false,"showFlares":false,"showImageEffects":false,"showParticleSystems":false},"in2DMode":false,"pivot":{"x":-94.7148208618164,"y":-24.499103546142579,"z":111.80409240722656},"rotation":{"x":0.1001807451248169,"y":-0.6841931343078613,"z":0.0956675261259079,"w":0.716130256652832},"size":51.46593475341797,"orthographic":false}