{"cameraMode":{"drawMode":0,"name":"Shaded","section":"Shading Mode"},"sceneLighting":false,"audioPlay":false,"sceneViewState":{"showFog":false,"showMaterialUpdate":false,"showSkybox":false,"showFlares":false,"showImageEffects":false,"showParticleSystems":false},"in2DMode":false,"pivot":{"x":-10.186874389648438,"y":-21.25773811340332,"z":-19.424232482910158},"rotation":{"x":-0.13175320625305177,"y":0.863328754901886,"z":-0.29434797167778017,"w":-0.38924717903137209},"size":45.77974319458008,"orthographic":false}