{"cameraMode":{"drawMode":0,"name":"Shaded","section":"Shading Mode"},"sceneLighting":false,"audioPlay":false,"sceneViewState":{"showFog":true,"showMaterialUpdate":true,"showSkybox":false,"showFlares":true,"showImageEffects":true,"showParticleSystems":true},"in2DMode":false,"pivot":{"x":-0.7061133980751038,"y":-0.48206451535224917,"z":0.026705347001552583},"rotation":{"x":0.16067403554916383,"y":-0.711829662322998,"z":0.17265717685222627,"w":0.6619040369987488},"size":1.2299293279647828,"orthographic":false}