{"cameraMode":{"drawMode":0,"name":"Shaded","section":"Shading Mode"},"sceneLighting":true,"audioPlay":false,"sceneViewState":{"showFog":false,"showMaterialUpdate":false,"showSkybox":false,"showFlares":false,"showImageEffects":false,"showParticleSystems":false},"in2DMode":false,"pivot":{"x":-2.5711770057678224,"y":16.20051383972168,"z":2.7690577507019045},"rotation":{"x":0.1695852130651474,"y":0.16047947108745576,"z":-0.02798418700695038,"w":0.9720385074615479},"size":10.0,"orthographic":false}