{"cameraMode":{"drawMode":0,"name":"Shaded","section":"Shading Mode"},"sceneLighting":true,"audioPlay":false,"sceneViewState":{"showFog":false,"showMaterialUpdate":false,"showSkybox":false,"showFlares":false,"showImageEffects":false,"showParticleSystems":false},"in2DMode":false,"pivot":{"x":27.497276306152345,"y":24.759052276611329,"z":7.401620864868164},"rotation":{"x":-0.06698942929506302,"y":0.9316872954368591,"z":-0.22293320298194886,"w":-0.27937743067741396},"size":10.0,"orthographic":false}