{"cameraMode":{"drawMode":0,"name":"Shaded","section":"Shading Mode"},"sceneLighting":false,"audioPlay":false,"sceneViewState":{"showFog":false,"showMaterialUpdate":false,"showSkybox":false,"showFlares":false,"showImageEffects":false,"showParticleSystems":false},"in2DMode":false,"pivot":{"x":123.65071105957031,"y":1.7460575103759766,"z":138.24478149414063},"rotation":{"x":0.10883493721485138,"y":0.6986780762672424,"z":-0.10892412811517716,"w":0.6987830400466919},"size":5.438053607940674,"orthographic":false}