{"cameraMode":{"drawMode":0,"name":"Shaded","section":"Shading Mode"},"sceneLighting":false,"audioPlay":false,"sceneViewState":{"showFog":false,"showMaterialUpdate":false,"showSkybox":false,"showFlares":false,"showImageEffects":false,"showParticleSystems":false},"in2DMode":false,"pivot":{"x":0.8006765246391296,"y":1.9589452743530274,"z":10.426780700683594},"rotation":{"x":0.2351531684398651,"y":0.3158712387084961,"z":-0.0812772735953331,"w":0.9157775044441223},"size":1.7753276824951172,"orthographic":false}