{"cameraMode":{"drawMode":0,"name":"Shaded","section":"Shading Mode"},"sceneLighting":false,"audioPlay":false,"sceneViewState":{"showFog":false,"showMaterialUpdate":false,"showSkybox":false,"showFlares":false,"showImageEffects":false,"showParticleSystems":false},"in2DMode":false,"pivot":{"x":-63.19594955444336,"y":5.82670259475708,"z":61.79784393310547},"rotation":{"x":0.15135784447193147,"y":0.8474253416061401,"z":-0.3335317373275757,"w":0.38490310311317446},"size":55.977378845214847,"orthographic":false}