{"cameraMode":{"drawMode":0,"name":"Shaded","section":"Shading Mode"},"sceneLighting":false,"audioPlay":false,"sceneViewState":{"showFog":false,"showMaterialUpdate":false,"showSkybox":false,"showFlares":false,"showImageEffects":false,"showParticleSystems":false},"in2DMode":false,"pivot":{"x":74.04204559326172,"y":39.63408660888672,"z":152.591064453125},"rotation":{"x":0.21831251680850984,"y":0.745994508266449,"z":-0.29249095916748049,"w":0.557171106338501},"size":5.438053607940674,"orthographic":false}