{"cameraMode":{"drawMode":0,"name":"Shaded","section":"Shading Mode"},"sceneLighting":false,"audioPlay":false,"sceneViewState":{"showFog":false,"showMaterialUpdate":false,"showSkybox":false,"showFlares":false,"showImageEffects":false,"showParticleSystems":false},"in2DMode":false,"pivot":{"x":-71.20951843261719,"y":-26.276216506958009,"z":169.71359252929688},"rotation":{"x":0.1343224197626114,"y":-0.4079325795173645,"z":0.06077234819531441,"w":0.9011142253875732},"size":51.46593475341797,"orthographic":false}