{"cameraMode":{"drawMode":0,"name":"Shaded","section":"Shading Mode"},"sceneLighting":false,"audioPlay":false,"sceneViewState":{"showFog":true,"showMaterialUpdate":true,"showSkybox":false,"showFlares":true,"showImageEffects":true,"showParticleSystems":true},"in2DMode":false,"pivot":{"x":192.89505004882813,"y":0.3208492398262024,"z":-367.3014221191406},"rotation":{"x":0.20913974940776826,"y":0.6591257452964783,"z":-0.19298900663852693,"w":0.6971496343612671},"size":0.3689420223236084,"orthographic":false}