{"cameraMode":{"drawMode":0,"name":"Shaded","section":"Shading Mode"},"sceneLighting":false,"audioPlay":false,"sceneViewState":{"showFog":true,"showMaterialUpdate":true,"showSkybox":true,"showFlares":true,"showImageEffects":true,"showParticleSystems":true},"in2DMode":false,"pivot":{"x":560.6267700195313,"y":335.9735107421875,"z":426.3660888671875},"rotation":{"x":0.0017451337771490217,"y":-0.023611579090356828,"z":0.003843777347356081,"w":1.0004384517669678},"size":567.589599609375,"orthographic":false}