{"cameraMode":{"drawMode":0,"name":"Shaded","section":"Shading Mode"},"sceneLighting":false,"audioPlay":false,"sceneViewState":{"showFog":false,"showMaterialUpdate":false,"showSkybox":false,"showFlares":false,"showImageEffects":false,"showParticleSystems":false},"in2DMode":false,"pivot":{"x":-90.59819030761719,"y":-129.69189453125,"z":7.351990699768066},"rotation":{"x":-0.21620836853981019,"y":0.736489474773407,"z":-0.27468976378440859,"w":-0.5792732834815979},"size":107.09564208984375,"orthographic":false}