{"cameraMode":{"drawMode":0,"name":"Shaded","section":"Shading Mode"},"sceneLighting":false,"audioPlay":false,"sceneViewState":{"showFog":false,"showMaterialUpdate":false,"showSkybox":false,"showFlares":false,"showImageEffects":false,"showParticleSystems":false},"in2DMode":false,"pivot":{"x":0.18654251098632813,"y":0.15854746103286744,"z":0.6139240264892578},"rotation":{"x":-0.025381987914443017,"y":0.9534226655960083,"z":-0.08181415498256684,"w":-0.28983452916145327},"size":2.0615527629852297,"orthographic":false}