{"cameraMode":{"drawMode":0,"name":"Shaded","section":"Shading Mode"},"sceneLighting":false,"audioPlay":false,"sceneViewState":{"showFog":true,"showMaterialUpdate":true,"showSkybox":false,"showFlares":true,"showImageEffects":true,"showParticleSystems":true},"in2DMode":false,"pivot":{"x":-0.21901273727416993,"y":-0.16101813316345216,"z":-0.06312823295593262},"rotation":{"x":0.1364208161830902,"y":-0.72333824634552,"z":0.14922483265399934,"w":0.6605668067932129},"size":1.2299293279647828,"orthographic":false}