{"cameraMode":{"drawMode":0,"name":"Shaded","section":"Shading Mode"},"sceneLighting":false,"audioPlay":false,"sceneViewState":{"showFog":false,"showMaterialUpdate":false,"showSkybox":false,"showFlares":false,"showImageEffects":false,"showParticleSystems":false},"in2DMode":false,"pivot":{"x":-0.4674202799797058,"y":3.1063969135284426,"z":10.112509727478028},"rotation":{"x":0.18195578455924989,"y":0.0023489303421229126,"z":-0.0005405119736678898,"w":0.9834911823272705},"size":1.7753276824951172,"orthographic":false}