{"cameraMode":{"drawMode":0,"name":"Shaded","section":"Shading Mode"},"sceneLighting":false,"audioPlay":false,"sceneViewState":{"showFog":false,"showMaterialUpdate":false,"showSkybox":false,"showFlares":false,"showImageEffects":false,"showParticleSystems":false},"in2DMode":false,"pivot":{"x":0.06254386901855469,"y":2.2375640869140627,"z":9.637822151184082},"rotation":{"x":0.0414157472550869,"y":0.9569491744041443,"z":-0.23055174946784974,"w":0.17229649424552918},"size":1.7753276824951172,"orthographic":false}