{"cameraMode":{"drawMode":0,"name":"Shaded","section":"Shading Mode"},"sceneLighting":true,"audioPlay":false,"sceneViewState":{"showFog":false,"showMaterialUpdate":false,"showSkybox":false,"showFlares":false,"showImageEffects":false,"showParticleSystems":false},"in2DMode":false,"pivot":{"x":33.51146697998047,"y":22.695804595947267,"z":20.60711669921875},"rotation":{"x":-0.1438719928264618,"y":0.7909196615219116,"z":-0.20326736569404603,"w":-0.5593248605728149},"size":2.0615527629852297,"orthographic":false}