{"cameraMode":{"drawMode":0,"name":"Shaded","section":"Shading Mode"},"sceneLighting":false,"audioPlay":false,"sceneViewState":{"showFog":false,"showMaterialUpdate":false,"showSkybox":false,"showFlares":false,"showImageEffects":false,"showParticleSystems":false},"in2DMode":false,"pivot":{"x":908.9492797851563,"y":636.137451171875,"z":1118.0556640625},"rotation":{"x":0.06805454194545746,"y":-0.00007167017611209303,"z":0.00015531496319454163,"w":-0.9978230595588684},"size":642.1314697265625,"orthographic":false}