{"cameraMode":{"drawMode":0,"name":"Shaded","section":"Shading Mode"},"sceneLighting":false,"audioPlay":false,"sceneViewState":{"showFog":false,"showMaterialUpdate":false,"showSkybox":false,"showFlares":false,"showImageEffects":false,"showParticleSystems":false},"in2DMode":false,"pivot":{"x":-126.15817260742188,"y":-0.21598421037197114,"z":-32.22372817993164},"rotation":{"x":-0.006047931499779224,"y":0.8301100730895996,"z":-0.008685145527124405,"w":-0.5576496124267578},"size":99.87626647949219,"orthographic":false}