{"cameraMode":{"drawMode":0,"name":"Shaded","section":"Shading Mode"},"sceneLighting":false,"audioPlay":false,"sceneViewState":{"showFog":false,"showMaterialUpdate":false,"showSkybox":false,"showFlares":false,"showImageEffects":false,"showParticleSystems":false},"in2DMode":false,"pivot":{"x":3.2886219024658205,"y":1.3709769248962403,"z":1.2045228481292725},"rotation":{"x":-0.07258721441030503,"y":0.8364742398262024,"z":-0.11336306482553482,"w":-0.5315601825714111},"size":2.0615527629852297,"orthographic":false}