{"cameraMode":{"drawMode":0,"name":"Shaded","section":"Shading Mode"},"sceneLighting":false,"audioPlay":false,"sceneViewState":{"showFog":true,"showMaterialUpdate":true,"showSkybox":false,"showFlares":true,"showImageEffects":true,"showParticleSystems":true},"in2DMode":false,"pivot":{"x":0.16744261980056764,"y":0.03810275346040726,"z":0.6906884908676148},"rotation":{"x":0.01271501462906599,"y":-0.9853334426879883,"z":0.09801944345235825,"w":0.14474523067474366},"size":0.37099602818489077,"orthographic":false}