{"cameraMode":{"drawMode":0,"name":"Shaded","section":"Shading Mode"},"sceneLighting":true,"audioPlay":false,"sceneViewState":{"showFog":true,"showMaterialUpdate":true,"showSkybox":true,"showFlares":true,"showImageEffects":true,"showParticleSystems":true},"in2DMode":false,"pivot":{"x":-5.758565902709961,"y":1.0444461107254029,"z":3.0008087158203127},"rotation":{"x":0.029459454119205476,"y":-0.9207553863525391,"z":0.07859177887439728,"w":0.383098840713501},"size":6.620538234710693,"orthographic":false}