{"cameraMode":{"drawMode":0,"name":"Shaded","section":"Shading Mode"},"sceneLighting":false,"audioPlay":false,"sceneViewState":{"showFog":true,"showMaterialUpdate":true,"showSkybox":false,"showFlares":true,"showImageEffects":true,"showParticleSystems":true},"in2DMode":false,"pivot":{"x":544.3362426757813,"y":318.7875061035156,"z":19.75},"rotation":{"x":-0.22441036999225617,"y":0.4083596169948578,"z":-0.10446817427873612,"w":-0.8789087533950806},"size":10.006460189819336,"orthographic":false}