{"cameraMode":{"drawMode":0,"name":"Shaded","section":"Shading Mode"},"sceneLighting":false,"audioPlay":false,"sceneViewState":{"showFog":false,"showMaterialUpdate":false,"showSkybox":false,"showFlares":false,"showImageEffects":false,"showParticleSystems":false},"in2DMode":false,"pivot":{"x":899.8965454101563,"y":484.3990783691406,"z":1084.322509765625},"rotation":{"x":0.029096955433487893,"y":0.002933342242613435,"z":0.000288237672066316,"w":-0.9997162222862244},"size":642.1314697265625,"orthographic":false}