{"cameraMode":{"drawMode":0,"name":"Shaded","section":"Shading Mode"},"sceneLighting":true,"audioPlay":false,"sceneViewState":{"showFog":false,"showMaterialUpdate":false,"showSkybox":false,"showFlares":false,"showImageEffects":false,"showParticleSystems":false},"in2DMode":false,"pivot":{"x":-0.23581147193908692,"y":3.574364423751831,"z":9.571104049682618},"rotation":{"x":-0.167946457862854,"y":0.36644986271858218,"z":-0.06690696626901627,"w":-0.9128996729850769},"size":2.0615527629852297,"orthographic":false}