{"cameraMode":{"drawMode":0,"name":"Shaded","section":"Shading Mode"},"sceneLighting":true,"audioPlay":false,"sceneViewState":{"showFog":false,"showMaterialUpdate":false,"showSkybox":false,"showFlares":false,"showImageEffects":false,"showParticleSystems":false},"in2DMode":false,"pivot":{"x":-28.9340877532959,"y":382.2996826171875,"z":145.75901794433595},"rotation":{"x":0.15092957019805909,"y":-0.8321608304977417,"z":0.2737078070640564,"w":0.4584829807281494},"size":2.0615527629852297,"orthographic":false}