{"cameraMode":{"drawMode":0,"name":"Shaded","section":"Shading Mode"},"sceneLighting":false,"audioPlay":false,"sceneViewState":{"showFog":false,"showMaterialUpdate":false,"showSkybox":false,"showFlares":false,"showImageEffects":false,"showParticleSystems":false},"in2DMode":false,"pivot":{"x":-0.9492237567901611,"y":1.122275471687317,"z":-4.046024322509766},"rotation":{"x":-0.1859624981880188,"y":-0.17609497904777528,"z":0.03387751057744026,"w":-0.9662712812423706},"size":1.2297559976577759,"orthographic":false}