{"cameraMode":{"drawMode":0,"name":"Shaded","section":"Shading Mode"},"sceneLighting":false,"audioPlay":false,"sceneViewState":{"showFog":false,"showMaterialUpdate":false,"showSkybox":false,"showFlares":false,"showImageEffects":false,"showParticleSystems":false},"in2DMode":false,"pivot":{"x":-10.627943992614746,"y":49.30873107910156,"z":38.71872329711914},"rotation":{"x":-0.2964678108692169,"y":0.6915150284767151,"z":-0.39462044835090639,"w":-0.5282806754112244},"size":57.91600036621094,"orthographic":false}