{"cameraMode":{"drawMode":0,"name":"Shaded","section":"Shading Mode"},"sceneLighting":true,"audioPlay":false,"sceneViewState":{"showFog":true,"showMaterialUpdate":true,"showSkybox":true,"showFlares":true,"showImageEffects":true,"showParticleSystems":true},"in2DMode":false,"pivot":{"x":-102.03167724609375,"y":-114.82768249511719,"z":672.9000244140625},"rotation":{"x":0.16105598211288453,"y":-0.07004421949386597,"z":0.01530665997415781,"w":0.9850762486457825},"size":567.589599609375,"orthographic":false}