{"cameraMode":{"drawMode":0,"name":"Shaded","section":"Shading Mode"},"sceneLighting":false,"audioPlay":false,"sceneViewState":{"showFog":false,"showMaterialUpdate":false,"showSkybox":false,"showFlares":false,"showImageEffects":false,"showParticleSystems":false},"in2DMode":false,"pivot":{"x":6.549995422363281,"y":18.64499855041504,"z":-13.199996948242188},"rotation":{"x":0.28077125549316409,"y":-0.48694100975990298,"z":0.169594407081604,"w":0.8098647594451904},"size":409.5306396484375,"orthographic":false}