{"cameraMode":{"drawMode":0,"name":"Shaded","section":"Shading Mode"},"sceneLighting":true,"audioPlay":false,"sceneViewState":{"showFog":true,"showMaterialUpdate":true,"showSkybox":true,"showFlares":true,"showImageEffects":true,"showParticleSystems":true},"in2DMode":false,"pivot":{"x":-10.134675979614258,"y":-56.657630920410159,"z":205.2421112060547},"rotation":{"x":-0.15033139288425446,"y":-0.021430624648928644,"z":0.003241914790123701,"w":-0.9886549711227417},"size":106.79769897460938,"orthographic":false}