{"cameraMode":{"drawMode":0,"name":"Shaded","section":"Shading Mode"},"sceneLighting":false,"audioPlay":false,"sceneViewState":{"showFog":true,"showMaterialUpdate":false,"showSkybox":false,"showFlares":true,"showImageEffects":true,"showParticleSystems":true},"in2DMode":false,"pivot":{"x":43.84022903442383,"y":-87.66907501220703,"z":103.09915161132813},"rotation":{"x":-0.3371095359325409,"y":-0.2818357050418854,"z":0.10661207884550095,"w":-0.8921049237251282},"size":85.37837219238281,"orthographic":false}