{"cameraMode":{"drawMode":0,"name":"Shaded","section":"Shading Mode"},"sceneLighting":false,"audioPlay":false,"sceneViewState":{"showFog":true,"showMaterialUpdate":false,"showSkybox":false,"showFlares":true,"showImageEffects":true,"showParticleSystems":true},"in2DMode":false,"pivot":{"x":-1.2021920680999756,"y":3.189216375350952,"z":0.11318370699882508},"rotation":{"x":-0.47489091753959658,"y":-0.3666902482509613,"z":0.2270272821187973,"w":-0.7671893239021301},"size":1.4668078422546387,"orthographic":false}