{"cameraMode":{"drawMode":0,"name":"Shaded","section":"Shading Mode"},"sceneLighting":true,"audioPlay":false,"sceneViewState":{"showFog":true,"showMaterialUpdate":false,"showSkybox":true,"showFlares":true,"showImageEffects":true,"showParticleSystems":true},"in2DMode":false,"pivot":{"x":-133.19268798828126,"y":131.27073669433595,"z":85.3379898071289},"rotation":{"x":0.23483368754386903,"y":-0.1901586502790451,"z":0.04683588817715645,"w":0.9521493315696716},"size":0.8660253882408142,"orthographic":false}