{"cameraMode":{"drawMode":0,"name":"Shaded","section":"Shading Mode"},"sceneLighting":false,"audioPlay":false,"sceneViewState":{"showFog":true,"showMaterialUpdate":false,"showSkybox":false,"showFlares":true,"showImageEffects":true,"showParticleSystems":true},"in2DMode":false,"pivot":{"x":0.1989857256412506,"y":1.8055315017700196,"z":0.02406764030456543},"rotation":{"x":-0.4088996946811676,"y":-0.3527264893054962,"z":0.17522236704826356,"w":-0.8232858777046204},"size":1.7316292524337769,"orthographic":false}