{"cameraMode":{"drawMode":0,"name":"Shaded","section":"Shading Mode"},"sceneLighting":false,"audioPlay":false,"sceneViewState":{"showFog":true,"showMaterialUpdate":false,"showSkybox":false,"showFlares":true,"showImageEffects":true,"showParticleSystems":true},"in2DMode":false,"pivot":{"x":1.446348786354065,"y":1.9664509296417237,"z":63.86583709716797},"rotation":{"x":-0.08797020465135575,"y":0.897716224193573,"z":-0.3355730175971985,"w":-0.2774119973182678},"size":2.5731587409973146,"orthographic":false}