{"cameraMode":{"drawMode":0,"name":"Shaded","section":"Shading Mode"},"sceneLighting":false,"audioPlay":false,"sceneViewState":{"showFog":true,"showMaterialUpdate":false,"showSkybox":false,"showFlares":true,"showImageEffects":true,"showParticleSystems":true},"in2DMode":false,"pivot":{"x":49.180606842041019,"y":2.2967474460601808,"z":-5.741764068603516},"rotation":{"x":-0.1797572672367096,"y":-0.6333567500114441,"z":0.1545359343290329,"w":-0.7367311716079712},"size":12.27340030670166,"orthographic":false}