{"cameraMode":{"drawMode":0,"name":"Shaded","section":"Shading Mode"},"sceneLighting":false,"audioPlay":false,"sceneViewState":{"showFog":true,"showMaterialUpdate":false,"showSkybox":false,"showFlares":true,"showImageEffects":true,"showParticleSystems":true},"in2DMode":false,"pivot":{"x":-7.144158363342285,"y":44.369197845458987,"z":-18.84795570373535},"rotation":{"x":-0.5497404336929321,"y":-0.1511840969324112,"z":0.10199228674173355,"w":-0.8152493238449097},"size":1.4668078422546387,"orthographic":false}