{"cameraMode":{"drawMode":0,"name":"Shaded","section":"Shading Mode"},"sceneLighting":false,"audioPlay":false,"sceneViewState":{"showFog":true,"showMaterialUpdate":false,"showSkybox":false,"showFlares":true,"showImageEffects":true,"showParticleSystems":true},"in2DMode":false,"pivot":{"x":0.0000019073486328125,"y":0.5000001788139343,"z":0.0},"rotation":{"x":0.37684404850006106,"y":0.5993505120277405,"z":-0.37869420647621157,"w":0.5963116884231567},"size":14.15097427368164,"orthographic":false}