{"cameraMode":{"drawMode":0,"name":"Shaded","section":"Shading Mode"},"sceneLighting":false,"audioPlay":false,"sceneViewState":{"showFog":true,"showMaterialUpdate":false,"showSkybox":false,"showFlares":true,"showImageEffects":true,"showParticleSystems":true},"in2DMode":false,"pivot":{"x":2.684824228286743,"y":9.937307357788086,"z":-9.417847633361817},"rotation":{"x":0.29832223057746889,"y":-0.020042503252625467,"z":0.006264147814363241,"w":0.9542433619499207},"size":1.2247449159622193,"orthographic":false}