{"cameraMode":{"drawMode":0,"name":"Shaded","section":"Shading Mode"},"sceneLighting":false,"audioPlay":false,"sceneViewState":{"showFog":true,"showMaterialUpdate":false,"showSkybox":false,"showFlares":true,"showImageEffects":true,"showParticleSystems":true},"in2DMode":false,"pivot":{"x":0.8053193092346191,"y":-1.1342881917953492,"z":0.6034475564956665},"rotation":{"x":0.10219167172908783,"y":-0.893831729888916,"z":0.2603936195373535,"w":0.3505873382091522},"size":14.696948051452637,"orthographic":false}