{"cameraMode":{"drawMode":0,"name":"Shaded","section":"Shading Mode"},"sceneLighting":false,"audioPlay":false,"sceneViewState":{"showFog":true,"showMaterialUpdate":false,"showSkybox":false,"showFlares":true,"showImageEffects":true,"showParticleSystems":true},"in2DMode":false,"pivot":{"x":0.0,"y":2.3499999046325685,"z":51.29999923706055},"rotation":{"x":0.21021515130996705,"y":0.009659161791205407,"z":-0.0021305163390934469,"w":0.9776473641395569},"size":25.084856033325197,"orthographic":false}