{"cameraMode":{"drawMode":0,"name":"Shaded","section":"Shading Mode"},"sceneLighting":false,"audioPlay":false,"sceneViewState":{"showFog":true,"showMaterialUpdate":false,"showSkybox":false,"showFlares":true,"showImageEffects":true,"showParticleSystems":true},"in2DMode":false,"pivot":{"x":-3.9554224014282228,"y":2.681151866912842,"z":31.803287506103517},"rotation":{"x":-0.16832183301448823,"y":0.8007923364639282,"z":-0.30822649598121645,"w":-0.4884859025478363},"size":1.9715505838394166,"orthographic":false}