{"cameraMode":{"drawMode":0,"name":"Shaded","section":"Shading Mode"},"sceneLighting":true,"audioPlay":false,"sceneViewState":{"showFog":true,"showMaterialUpdate":false,"showSkybox":true,"showFlares":true,"showImageEffects":true,"showParticleSystems":true},"in2DMode":false,"pivot":{"x":-92.700439453125,"y":321.2872619628906,"z":-38.504173278808597},"rotation":{"x":0.45550963282585146,"y":0.5406466722488403,"z":-0.4543546736240387,"w":0.542093813419342},"size":1.4668079614639283,"orthographic":false}