{"cameraMode":{"drawMode":0,"name":"Shaded","section":"Shading Mode"},"sceneLighting":false,"audioPlay":false,"sceneViewState":{"showFog":true,"showMaterialUpdate":false,"showSkybox":false,"showFlares":true,"showImageEffects":true,"showParticleSystems":true},"in2DMode":false,"pivot":{"x":22.75782585144043,"y":-17.234970092773439,"z":11.327103614807129},"rotation":{"x":0.15276682376861573,"y":0.8058711290359497,"z":-0.23638850450515748,"w":0.5210030674934387},"size":28.28870391845703,"orthographic":false}