{"cameraMode":{"drawMode":0,"name":"Shaded","section":"Shading Mode"},"sceneLighting":true,"audioPlay":false,"sceneViewState":{"showFog":true,"showMaterialUpdate":false,"showSkybox":true,"showFlares":true,"showImageEffects":true,"showParticleSystems":true},"in2DMode":false,"pivot":{"x":3.854642868041992,"y":-1.3646836280822755,"z":13.783571243286133},"rotation":{"x":-0.29433387517929079,"y":-0.3970416784286499,"z":0.11602356284856796,"w":-0.8635162115097046},"size":5.9966511726379398,"orthographic":false}