{"cameraMode":{"drawMode":0,"name":"Shaded","section":"Shading Mode"},"sceneLighting":false,"audioPlay":false,"sceneViewState":{"showFog":true,"showMaterialUpdate":false,"showSkybox":false,"showFlares":true,"showImageEffects":true,"showParticleSystems":true},"in2DMode":false,"pivot":{"x":-1.9446158409118653,"y":4.1376190185546879,"z":11.28854751586914},"rotation":{"x":-0.22378036379814149,"y":-0.6851037740707398,"z":0.1998528689146042,"w":-0.6663139462471008},"size":1.8747881650924683,"orthographic":false}