{"cameraMode":{"drawMode":0,"name":"Shaded","section":"Shading Mode"},"sceneLighting":false,"audioPlay":false,"sceneViewState":{"showFog":true,"showMaterialUpdate":false,"showSkybox":false,"showFlares":true,"showImageEffects":true,"showParticleSystems":true},"in2DMode":false,"pivot":{"x":9.643148422241211,"y":6.120133399963379,"z":45.704708099365237},"rotation":{"x":-0.1646631360054016,"y":0.8173024654388428,"z":-0.34767088294029238,"w":-0.43272459506988528},"size":0.9346487522125244,"orthographic":false}