{"cameraMode":{"drawMode":0,"name":"Shaded","section":"Shading Mode"},"sceneLighting":false,"audioPlay":false,"sceneViewState":{"showFog":true,"showMaterialUpdate":false,"showSkybox":false,"showFlares":true,"showImageEffects":true,"showParticleSystems":true},"in2DMode":false,"pivot":{"x":-0.308830589056015,"y":2.2598953247070314,"z":1.3117679357528687},"rotation":{"x":-0.17055992782115937,"y":-0.7398468852043152,"z":0.2042010873556137,"w":-0.6180130839347839},"size":1.4668078422546387,"orthographic":false}