{"cameraMode":{"drawMode":0,"name":"Shaded","section":"Shading Mode"},"sceneLighting":false,"audioPlay":false,"sceneViewState":{"showFog":true,"showMaterialUpdate":false,"showSkybox":false,"showFlares":true,"showImageEffects":true,"showParticleSystems":true},"in2DMode":false,"pivot":{"x":-12.758554458618164,"y":20.05680274963379,"z":-6.722603797912598},"rotation":{"x":-0.3879791498184204,"y":-0.32460930943489077,"z":0.14824315905570985,"w":-0.8498340249061585},"size":1.4668078422546387,"orthographic":false}