{"cameraMode":{"drawMode":0,"name":"Shaded","section":"Shading Mode"},"sceneLighting":true,"audioPlay":false,"sceneViewState":{"showFog":true,"showMaterialUpdate":false,"showSkybox":true,"showFlares":true,"showImageEffects":true,"showParticleSystems":true},"in2DMode":false,"pivot":{"x":929.5955810546875,"y":388.82305908203127,"z":70.46720886230469},"rotation":{"x":0.3066782057285309,"y":0.04139097407460213,"z":-0.01334234420210123,"w":0.9508377909660339},"size":70.71067810058594,"orthographic":false}