{"cameraMode":{"drawMode":0,"name":"Shaded","section":"Shading Mode"},"sceneLighting":true,"audioPlay":false,"sceneViewState":{"showFog":true,"showMaterialUpdate":false,"showSkybox":true,"showFlares":true,"showImageEffects":true,"showParticleSystems":true},"in2DMode":false,"pivot":{"x":-343.28857421875,"y":-237.03924560546876,"z":601.2017822265625},"rotation":{"x":-0.16739656031131745,"y":0.2671705186367035,"z":-0.04812747240066528,"w":-0.948358952999115},"size":366.748046875,"orthographic":false}