{"cameraMode":{"drawMode":0,"name":"Shaded","section":"Shading Mode"},"sceneLighting":true,"audioPlay":false,"sceneViewState":{"showFog":true,"showMaterialUpdate":false,"showSkybox":true,"showFlares":true,"showImageEffects":true,"showParticleSystems":true},"in2DMode":false,"pivot":{"x":-86.49829864501953,"y":84.5354995727539,"z":64.34658813476563},"rotation":{"x":0.27506086230278017,"y":0.6144135594367981,"z":-0.24188333749771119,"w":0.6988709568977356},"size":0.8660253882408142,"orthographic":false}