{"cameraMode":{"drawMode":0,"name":"Shaded","section":"Shading Mode"},"sceneLighting":false,"audioPlay":false,"sceneViewState":{"showFog":true,"showMaterialUpdate":false,"showSkybox":false,"showFlares":true,"showImageEffects":true,"showParticleSystems":true},"in2DMode":false,"pivot":{"x":58.848575592041019,"y":108.23208618164063,"z":-205.46566772460938},"rotation":{"x":-0.2689647972583771,"y":0.2523176372051239,"z":-0.07312265783548355,"w":-0.9268364310264587},"size":14.15101432800293,"orthographic":false}