{"cameraMode":{"drawMode":0,"name":"Shaded","section":"Shading Mode"},"sceneLighting":true,"audioPlay":false,"sceneViewState":{"showFog":true,"showMaterialUpdate":false,"showSkybox":true,"showFlares":true,"showImageEffects":true,"showParticleSystems":true},"in2DMode":false,"pivot":{"x":-37.02473068237305,"y":60.56326675415039,"z":96.45541381835938},"rotation":{"x":0.2566312849521637,"y":0.7116088271141052,"z":-0.32009485363960268,"w":0.5704745650291443},"size":1.4668078422546387,"orthographic":false}