{"cameraMode":{"drawMode":0,"name":"Shaded","section":"Shading Mode"},"sceneLighting":true,"audioPlay":false,"sceneViewState":{"showFog":true,"showMaterialUpdate":false,"showSkybox":true,"showFlares":true,"showImageEffects":true,"showParticleSystems":true},"in2DMode":false,"pivot":{"x":-19.855653762817384,"y":22.23940658569336,"z":32.24418640136719},"rotation":{"x":0.3664318025112152,"y":0.5760679841041565,"z":-0.32177525758743288,"w":0.6560187935829163},"size":13.515606880187989,"orthographic":false}