{"cameraMode":{"drawMode":0,"name":"Shaded","section":"Shading Mode"},"sceneLighting":false,"audioPlay":false,"sceneViewState":{"showFog":true,"showMaterialUpdate":false,"showSkybox":false,"showFlares":true,"showImageEffects":true,"showParticleSystems":true},"in2DMode":false,"pivot":{"x":455.45367431640627,"y":-344.9721374511719,"z":-228.83001708984376},"rotation":{"x":0.1498771756887436,"y":0.8188683986663818,"z":-0.2473461925983429,"w":0.4959893822669983},"size":320.23089599609377,"orthographic":false}