{"cameraMode":{"drawMode":0,"name":"Shaded","section":"Shading Mode"},"sceneLighting":false,"audioPlay":false,"sceneViewState":{"showFog":true,"showMaterialUpdate":false,"showSkybox":false,"showFlares":true,"showImageEffects":true,"showParticleSystems":true},"in2DMode":false,"pivot":{"x":-3.973951816558838,"y":1.8630025386810303,"z":37.99589538574219},"rotation":{"x":-0.16832183301448823,"y":0.8007923364639282,"z":-0.30822649598121645,"w":-0.4884859025478363},"size":1.070875883102417,"orthographic":false}