{"cameraMode":{"drawMode":0,"name":"Shaded","section":"Shading Mode"},"sceneLighting":true,"audioPlay":false,"sceneViewState":{"showFog":true,"showMaterialUpdate":false,"showSkybox":true,"showFlares":true,"showImageEffects":true,"showParticleSystems":true},"in2DMode":false,"pivot":{"x":18.210346221923829,"y":114.33983612060547,"z":-71.43633270263672},"rotation":{"x":-0.2983890473842621,"y":0.26177167892456057,"z":-0.08553237468004227,"w":-0.913925290107727},"size":14.506122589111329,"orthographic":false}