{"cameraMode":{"drawMode":0,"name":"Shaded","section":"Shading Mode"},"sceneLighting":false,"audioPlay":false,"sceneViewState":{"showFog":true,"showMaterialUpdate":false,"showSkybox":false,"showFlares":true,"showImageEffects":true,"showParticleSystems":true},"in2DMode":false,"pivot":{"x":174.4281005859375,"y":165.828125,"z":-9.894707679748536},"rotation":{"x":-0.34672054648399355,"y":0.466856986284256,"z":-0.20541298389434815,"w":-0.7873628735542297},"size":14.15101432800293,"orthographic":false}