{"cameraMode":{"drawMode":0,"name":"Shaded","section":"Shading Mode"},"sceneLighting":false,"audioPlay":false,"sceneViewState":{"showFog":true,"showMaterialUpdate":false,"showSkybox":false,"showFlares":true,"showImageEffects":true,"showParticleSystems":true},"in2DMode":false,"pivot":{"x":-1.3814352750778199,"y":0.5166087746620178,"z":1.1084076166152955},"rotation":{"x":0.20766061544418336,"y":-0.7323272228240967,"z":0.2549029588699341,"w":0.5964383482933044},"size":1.7316292524337769,"orthographic":false}