{"cameraMode":{"drawMode":0,"name":"Shaded","section":"Shading Mode"},"sceneLighting":false,"audioPlay":false,"sceneViewState":{"showFog":true,"showMaterialUpdate":false,"showSkybox":false,"showFlares":true,"showImageEffects":true,"showParticleSystems":true},"in2DMode":false,"pivot":{"x":-2.4431705474853517,"y":-3.139354705810547,"z":3.0706729888916017},"rotation":{"x":0.2201278656721115,"y":0.5914021134376526,"z":-0.17192983627319337,"w":0.7566112279891968},"size":14.15097427368164,"orthographic":false}