{"cameraMode":{"drawMode":0,"name":"Shaded","section":"Shading Mode"},"sceneLighting":true,"audioPlay":false,"sceneViewState":{"showFog":true,"showMaterialUpdate":false,"showSkybox":true,"showFlares":true,"showImageEffects":true,"showParticleSystems":true},"in2DMode":false,"pivot":{"x":-45.3144416809082,"y":137.3185577392578,"z":-80.42758178710938},"rotation":{"x":0.15206654369831086,"y":0.1088692843914032,"z":0.01693432591855526,"w":-0.9822576642036438},"size":0.8660253882408142,"orthographic":false}