{"cameraMode":{"drawMode":0,"name":"Shaded","section":"Shading Mode"},"sceneLighting":true,"audioPlay":false,"sceneViewState":{"showFog":true,"showMaterialUpdate":false,"showSkybox":true,"showFlares":true,"showImageEffects":true,"showParticleSystems":true},"in2DMode":false,"pivot":{"x":-5.629065990447998,"y":6.473867416381836,"z":14.493986129760743},"rotation":{"x":-0.2553410828113556,"y":-0.4080505073070526,"z":0.09594821184873581,"w":-0.8731934428215027},"size":5.9966511726379398,"orthographic":false}