{"cameraMode":{"drawMode":0,"name":"Shaded","section":"Shading Mode"},"sceneLighting":false,"audioPlay":false,"sceneViewState":{"showFog":true,"showMaterialUpdate":false,"showSkybox":false,"showFlares":true,"showImageEffects":true,"showParticleSystems":true},"in2DMode":false,"pivot":{"x":-2.8403706550598146,"y":7.167907238006592,"z":18.075166702270509},"rotation":{"x":-0.3217281401157379,"y":-0.6350020170211792,"z":0.3294246196746826,"w":-0.6203494668006897},"size":16.0078182220459,"orthographic":false}