{"cameraMode":{"drawMode":0,"name":"Shaded","section":"Shading Mode"},"sceneLighting":false,"audioPlay":false,"sceneViewState":{"showFog":true,"showMaterialUpdate":false,"showSkybox":false,"showFlares":true,"showImageEffects":true,"showParticleSystems":true},"in2DMode":false,"pivot":{"x":5.366961479187012,"y":-8.912992477416993,"z":5.707834243774414},"rotation":{"x":0.19266515970230103,"y":0.36959943175315859,"z":-0.07848770916461945,"w":0.905728816986084},"size":14.15097427368164,"orthographic":false}