{"cameraMode":{"drawMode":0,"name":"Shaded","section":"Shading Mode"},"sceneLighting":true,"audioPlay":false,"sceneViewState":{"showFog":true,"showMaterialUpdate":false,"showSkybox":true,"showFlares":true,"showImageEffects":true,"showParticleSystems":true},"in2DMode":false,"pivot":{"x":-14.339929580688477,"y":29.260040283203126,"z":46.189964294433597},"rotation":{"x":0.26144933700561526,"y":0.3808651268482208,"z":-0.1131945252418518,"w":0.879660427570343},"size":13.515606880187989,"orthographic":false}