{"count":1,"self":209.10248959999998,"total":214.8925672,"children":{"InitializeActuators":{"count":4,"self":0.00053659999999999992,"total":0.00053659999999999992,"children":null},"InitializeSensors":{"count":4,"self":0.001994,"total":0.001994,"children":null},"AgentSendState":{"count":10480,"self":0.33956749999999997,"total":0.70287689999999992,"children":{"CollectObservations":{"count":8384,"self":0.070004799999999992,"total":0.070004799999999992,"children":null},"CollectDiscreteActionMasks":{"count":8384,"self":0.050156099999999995,"total":0.050156099999999995,"children":null},"RequestDecision":{"count":8384,"self":0.094937,"total":0.2431485,"children":{"RayPerceptionSensor.Perceive":{"count":4192,"self":0.1482115,"total":0.1482115,"children":null}}}}},"DecideAction":{"count":10480,"self":4.6583236,"total":4.9701455999999995,"children":{"RayPerceptionSensor.Perceive":{"count":12576,"self":0.311822,"total":0.311822,"children":null}}},"AgentAct":{"count":10480,"self":0.11352069999999999,"total":0.11352069999999999,"children":null}},"gauges":{"Kart AI Agent.CumulativeReward":{"count":37,"max":8.440098,"min":0,"runningAverage":0.22811076,"value":0,"weightedAverage":0.0211479235}},"metadata":{"timer_format_version":"0.1.0","start_time_seconds":"1608401287","unity_version":"2019.4.13f1","command_line_arguments":"E:\\UnityHub\\Editor Versions\\2019.4.13f1\\Editor\\Unity.exe -projectpath E:\/Github\/foodrace\/Food Race\/New Unity Project (1) -useHub -hubIPC -cloudEnvironment production -hubSessionId 6cac3d00-420c-11eb-a908-1579435a5d69 -accessToken kM7m77liQSLnHOrc1qdCF-UWy46Oc-2ezUt6pVHQLPA008f","communication_protocol_version":"1.2.0","com.unity.ml-agents_version":"1.6.0-preview","scene_name":"Ingame2","end_time_seconds":"1608401501"}}