{"count":1,"self":11744.2469888,"total":22378.5722064,"children":{"InitializeActuators":{"count":1,"self":0.0019952,"total":0.0019952,"children":null},"InitializeSensors":{"count":1,"self":0.001995,"total":0.001995,"children":null},"AgentSendState":{"count":7662768,"self":137.2513536,"total":386.6402385,"children":{"CollectObservations":{"count":1532554,"self":16.642076799999998,"total":16.642076199999998,"children":null},"CollectDiscreteActionMasks":{"count":1532554,"self":10.7607296,"total":10.760729399999999,"children":null},"RequestDecision":{"count":1532554,"self":34.326912,"total":221.98607539999998,"children":{"AgentInfo.ToProto":{"count":1532554,"self":26.7680288,"total":187.6591627,"children":{"GenerateSensorData":{"count":1532554,"self":60.24144,"total":160.89113369999998,"children":{"RayPerceptionSensor.Perceive":{"count":3065108,"self":100.64969599999999,"total":100.64969669999999,"children":null}}}}}}}}},"DecideAction":{"count":7662768,"self":10172.0276992,"total":10172.027302299999,"children":null},"AgentAct":{"count":7662768,"self":71.9730368,"total":75.652419299999991,"children":{"AgentInfo.ToProto":{"count":41758,"self":0.65888079999999993,"total":3.6793848999999996,"children":{"GenerateSensorData":{"count":41758,"self":1.5125526999999999,"total":3.0205040999999997,"children":{"RayPerceptionSensor.Perceive":{"count":83516,"self":1.5079513999999998,"total":1.5079513999999998,"children":null}}}}}}}},"gauges":{"Kart AI Agent.CumulativeReward":{"count":41758,"max":-0.404303282,"min":-0.5403034,"runningAverage":-0.420521468,"value":-0.424409837,"weightedAverage":-0.4254435}},"metadata":{"timer_format_version":"0.1.0","start_time_seconds":"1606507583","unity_version":"2019.4.13f1","command_line_arguments":"E:\\UnityHub\\Editor Versions\\2019.4.13f1\\Editor\\Unity.exe -projectpath E:\/Github\/foodrace\/Food Race\/New Unity Project (1) -useHub -hubIPC -cloudEnvironment production -hubSessionId 1b39e430-2d04-11eb-98c3-477fbd8ad82b -accessToken OI-JBgBfx5dWDRxZjRa3RevtuNIzMSDMSqa3BKh5gyo008f","communication_protocol_version":"1.2.0","com.unity.ml-agents_version":"1.6.0-preview","scene_name":"Ingame","end_time_seconds":"1606529961"}}