{"count":1,"self":11.398327199999999,"total":11.719921699999999,"children":{"InitializeActuators":{"count":1,"self":0.0359038,"total":0.0359038,"children":null},"InitializeSensors":{"count":1,"self":0.0019947999999999997,"total":0.0019947999999999997,"children":null},"AgentSendState":{"count":236,"self":0.0064861,"total":0.0094770999999999987,"children":{"CollectObservations":{"count":48,"self":0.0019952999999999998,"total":0.0019952999999999998,"children":null},"CollectDiscreteActionMasks":{"count":48,"self":0,"total":0,"children":null},"RequestDecision":{"count":48,"self":0.0009957,"total":0.0009957,"children":null}}},"DecideAction":{"count":236,"self":0.1231627,"total":0.26820869999999997,"children":{"RayPerceptionSensor.Perceive":{"count":96,"self":0.14504599999999998,"total":0.14504599999999998,"children":null}}},"AgentAct":{"count":236,"self":0.0049838999999999994,"total":0.0049838999999999994,"children":null}},"gauges":{},"metadata":{"timer_format_version":"0.1.0","start_time_seconds":"1606326938","unity_version":"2019.4.13f1","command_line_arguments":"E:\\UnityHub\\Editor Versions\\2019.4.13f1\\Editor\\Unity.exe -projectpath E:\/Github\/foodrace\/Food Race\/New Unity Project (1) -useHub -hubIPC -cloudEnvironment production -hubSessionId 1b39e430-2d04-11eb-98c3-477fbd8ad82b -accessToken ss3pQ6kAOU4Lwqs5B9KxkLMpCUKmnwkRSrZoDdv6hwU008f","communication_protocol_version":"1.2.0","com.unity.ml-agents_version":"1.6.0-preview","scene_name":"Ingame","end_time_seconds":"1606326949"}}