{"count":1,"self":1541.9153408,"total":3165.8735616,"children":{"InitializeActuators":{"count":1,"self":0.0010257999999999999,"total":0.0010257999999999999,"children":null},"InitializeSensors":{"count":1,"self":0.0029638,"total":0.0029638,"children":null},"AgentSendState":{"count":1121934,"self":21.162836799999997,"total":58.873063599999995,"children":{"CollectObservations":{"count":224387,"self":2.7849676,"total":2.7849676999999997,"children":null},"CollectDiscreteActionMasks":{"count":224387,"self":1.6762814,"total":1.6762814,"children":null},"RequestDecision":{"count":224387,"self":5.2084687999999995,"total":33.248977499999995,"children":{"AgentInfo.ToProto":{"count":224387,"self":4.2297335999999994,"total":28.040508499999998,"children":{"GenerateSensorData":{"count":224387,"self":8.9437464,"total":23.8107747,"children":{"RayPerceptionSensor.Perceive":{"count":448774,"self":14.8670288,"total":14.8670285,"children":null}}}}}}}}},"DecideAction":{"count":1121934,"self":1553.4204928,"total":1553.4204911,"children":null},"AgentAct":{"count":1121934,"self":11.1446264,"total":11.658700099999999,"children":{"AgentInfo.ToProto":{"count":5607,"self":0.0810586,"total":0.5140736,"children":{"GenerateSensorData":{"count":5607,"self":0.2009337,"total":0.433015,"children":{"RayPerceptionSensor.Perceive":{"count":11214,"self":0.2320813,"total":0.2320813,"children":null}}}}}}}},"gauges":{"Kart AI Agent.CumulativeReward":{"count":5607,"max":-0.407803267,"min":-0.535909951,"runningAverage":-0.4257099,"value":-0.424409837,"weightedAverage":-0.4267696}},"metadata":{"timer_format_version":"0.1.0","start_time_seconds":"1606989609","unity_version":"2019.4.13f1","command_line_arguments":"E:\\UnityHub\\Editor Versions\\2019.4.13f1\\Editor\\Unity.exe -projectpath E:\/Github\/foodrace\/Food Race\/New Unity Project (1) -useHub -hubIPC -cloudEnvironment production -hubSessionId 68f700b0-3478-11eb-af08-2f3c93cb22c1 -accessToken L5m4X9tVXDUhO1I2MJcyXtAZs3D0yoATvkpGXijEHV0008f","communication_protocol_version":"1.2.0","com.unity.ml-agents_version":"1.6.0-preview","scene_name":"Ingame2","end_time_seconds":"1606992774"}}